mac,e_id_ssid,len_ssid,ssid,e_id_sup_rates,len_sup_rates,supported_rates,e_id_ext_sup_rates,len_ext_sup_rates,ext_sup_rates,e_id_dsss,len_dsss,dsss_parameter,e_id_ht_cap,len_ht_cap,ht_cap,e_id_ext_cap,len_ext_cap,ext_cap,e_id_vht_cap,len_vht_cap,vht_cap,e_id_vst,len_vst,vst,e_id_ext_tags,len_ext_tags,ext_tags,frame_check_seq,label
8e:80:39:0e:9a:0c,00000000,00000000,,00000001,00000100,00000010000001000000101100010110,00110010,00001000,0000110000010010000110000010010000110000010010000110000001101100,00000011,00000001,00000001,,,,,,,,,,11011101,00000111,01010000011011111001101000010110000000110000000100000001,,,,00010011100011010000110010111110,GooglePixel3A_V
8e:80:39:0e:9a:0c,00000000,00000000,,00000001,00000100,00000010000001000000101100010110,00110010,00001000,0000110000010010000110000010010000110000010010000110000001101100,00000011,00000001,00000010,,,,,,,,,,11011101,00000111,01010000011011111001101000010110000000110000000100000001,,,,11111001010110000110001001001000,GooglePixel3A_V
8e:80:39:0e:9a:0c,00000000,00000000,,00000001,00000100,00000010000001000000101100010110,00110010,00001000,0000110000010010000110000010010000110000010010000110000001101100,00000011,00000001,00000011,,,,,,,,,,11011101,00000111,01010000011011111001101000010110000000110000000100000001,,,,01100011011101011100110100001100,GooglePixel3A_V
8e:80:39:0e:9a:0c,00000000,00000000,,00000001,00000100,00000010000001000000101100010110,00110010,00001000,0000110000010010000110000010010000110000010010000110000001101100,00000011,00000001,00001001,,,,,,,,,,11011101,00000111,01010000011011111001101000010110000000110000000100000001,,,,11100111001100001101001101110011,GooglePixel3A_V
8e:80:39:0e:9a:0c,00000000,00000000,,00000001,00000100,00000010000001000000101100010110,00110010,00001000,0000110000010010000110000010010000110000010010000110000001101100,00000011,00000001,00001010,,,,,,,,,,11011101,00000111,01010000011011111001101000010110000000110000000100000001,,,,11011111001110000000111110111111,GooglePixel3A_V
8e:80:39:0e:9a:0c,00000000,00000000,,00000001,00000100,00000010000001000000101100010110,00110010,00001000,0000110000010010000110000010010000110000010010000110000001101100,00000011,00000001,00001011,,,,,,,,,,11011101,00000111,01010000011011111001101000010110000000110000000100000001,,,,00001000001111011001010001001101,GooglePixel3A_V
8e:80:39:0e:9a:0c,00000000,00000000,,00000001,00000100,00000010000001000000101100010110,00110010,00001000,0000110000010010000110000010010000110000010010000110000001101100,00000011,00000001,00001100,,,,,,,,,,11011101,00000111,01010000011011111001101000010110000000110000000100000001,,,,10100110010110010000110100010111,GooglePixel3A_V
8e:80:39:0e:9a:0c,00000000,00000000,,00000001,00000100,00000010000001000000101100010110,00110010,00001000,0000110000010010000110000010010000110000010010000110000001101100,00000011,00000001,00001101,,,,,,,,,,11011101,00000111,01010000011011111001101000010110000000110000000100000001,,,,01110001010111001001011011100101,GooglePixel3A_V
8e:e6:fe:38:be:d7,00000000,00000000,,00000001,00000100,00000010000001000000101100010110,00110010,00001000,0000110000010010000110000010010000110000010010000110000001101100,00000011,00000001,00000001,,,,,,,,,,11011101,00000111,01010000011011111001101000010110000000110000000100000001,,,,01100010101011000110011001001110,GooglePixel3A_V
8e:e6:fe:38:be:d7,00000000,00000000,,00000001,00000100,00000010000001000000101100010110,00110010,00001000,0000110000010010000110000010010000110000010010000110000001101100,00000011,00000001,00000010,,,,,,,,,,11011101,00000111,01010000011011111001101000010110000000110000000100000001,,,,10001000011110010000100010111000,GooglePixel3A_V
8e:e6:fe:38:be:d7,00000000,00000000,,00000001,00000100,00000010000001000000101100010110,00110010,00001000,0000110000010010000110000010010000110000010010000110000001101100,00000011,00000001,00000011,,,,,,,,,,11011101,00000111,01010000011011111001101000010110000000110000000100000001,,,,00101001000110100100010000000101,GooglePixel3A_V
8e:e6:fe:38:be:d7,00000000,00000000,,00000001,00000100,00000010000001000000101100010110,00110010,00001000,0000110000010010000110000010010000110000010010000110000001101100,00000011,00000001,00001001,,,,,,,,,,11011101,00000111,01010000011011111001101000010110000000110000000100000001,,,,11100101001010001001000110010000,GooglePixel3A_V
8e:e6:fe:38:be:d7,00000000,00000000,,00000001,00000100,00000010000001000000101100010110,00110010,00001000,0000110000010010000110000010010000110000010010000110000001101100,00000011,00000001,00001010,,,,,,,,,,11011101,00000111,01010000011011111001101000010110000000110000000100000001,,,,11011101001000000100110101011100,GooglePixel3A_V
8e:e6:fe:38:be:d7,00000000,00000000,,00000001,00000100,00000010000001000000101100010110,00110010,00001000,0000110000010010000110000010010000110000010010000110000001101100,00000011,00000001,00001011,,,,,,,,,,11011101,00000111,01010000011011111001101000010110000000110000000100000001,,,,00001010001001011101011010101110,GooglePixel3A_V
8e:e6:fe:38:be:d7,00000000,00000000,,00000001,00000100,00000010000001000000101100010110,00110010,00001000,0000110000010010000110000010010000110000010010000110000001101100,00000011,00000001,00001100,,,,,,,,,,11011101,00000111,01010000011011111001101000010110000000110000000100000001,,,,11101100001101101000010000011110,GooglePixel3A_V
8e:e6:fe:38:be:d7,00000000,00000000,,00000001,00000100,00000010000001000000101100010110,00110010,00001000,0000110000010010000110000010010000110000010010000110000001101100,00000011,00000001,00001101,,,,,,,,,,11011101,00000111,01010000011011111001101000010110000000110000000100000001,,,,00111011001100110001111111101100,GooglePixel3A_V
72:66:ce:5b:37:72,00000000,00000000,,00000001,00000100,00000010000001000000101100010110,00110010,00001000,0000110000010010000110000010010000110000010010000110000001101100,00000011,00000001,00000001,,,,,,,,,,11011101,00000111,01010000011011111001101000010110000000110000000100000001,,,,00000100111100110001001010001001,GooglePixel3A_V
72:66:ce:5b:37:72,00000000,00000000,,00000001,00000100,00000010000001000000101100010110,00110010,00001000,0000110000010010000110000010010000110000010010000110000001101100,00000011,00000001,00000010,,,,,,,,,,11011101,00000111,01010000011011111001101000010110000000110000000100000001,,,,11010000001101110110000011011010,GooglePixel3A_V
72:66:ce:5b:37:72,00000000,00000000,,00000001,00000100,00000010000001000000101100010110,00110010,00001000,0000110000010010000110000010010000110000010010000110000001101100,00000011,00000001,00000011,,,,,,,,,,11011101,00000111,01010000011011111001101000010110000000110000000100000001,,,,00000111001100101111101100101000,GooglePixel3A_V
72:66:ce:5b:37:72,00000000,00000000,,00000001,00000100,00000010000001000000101100010110,00110010,00001000,0000110000010010000110000010010000110000010010000110000001101100,00000011,00000001,00000110,,,,,,,,,,11011101,00000111,01010000011011111001101000010110000000110000000100000001,,,,00010110000000110000000100000001,GooglePixel3A_V
72:66:ce:5b:37:72,00000000,00000000,,00000001,00000100,00000010000001000000101100010110,00110010,00001000,0000110000010010000110000010010000110000010010000110000001101100,00000011,00000001,00001001,,,,,,,,,,11011101,00000111,01010000011011111001101000010110000000110000000100000001,,,,01010001101010100101011101101101,GooglePixel3A_V
72:66:ce:5b:37:72,00000000,00000000,,00000001,00000100,00000010000001000000101100010110,00110010,00001000,0000110000010010000110000010010000110000010010000110000001101100,00000011,00000001,00001010,,,,,,,,,,11011101,00000111,01010000011011111001101000010110000000110000000100000001,,,,10111011011111110011100110011011,GooglePixel3A_V
72:66:ce:5b:37:72,00000000,00000000,,00000001,00000100,00000010000001000000101100010110,00110010,00001000,0000110000010010000110000010010000110000010010000110000001101100,00000011,00000001,00001011,,,,,,,,,,11011101,00000111,01010000011011111001101000010110000000110000000100000001,,,,10000011100000110101100111000010,GooglePixel3A_V
72:66:ce:5b:37:72,00000000,00000000,,00000001,00000100,00000010000001000000101100010110,00110010,00001000,0000110000010010000110000010010000110000010010000110000001101100,00000011,00000001,00001100,,,,,,,,,,11011101,00000111,01010000011011111001101000010110000000110000000100000001,,,,00010011111101101101110000111101,GooglePixel3A_V
72:66:ce:5b:37:72,00000000,00000000,,00000001,00000100,00000010000001000000101100010110,00110010,00001000,0000110000010010000110000010010000110000010010000110000001101100,00000011,00000001,00001101,,,,,,,,,,11011101,00000111,01010000011011111001101000010110000000110000000100000001,,,,00010110001011101111010111110101,GooglePixel3A_V
7e:0d:d2:a2:fe:f9,00000000,00000000,,00000001,00000100,00000010000001000000101100010110,00110010,00001000,0000110000010010000110000010010000110000010010000110000001101100,00000011,00000001,00000001,,,,,,,,,,11011101,00000111,01010000011011111001101000010110000000110000000100000001,,,,10100011101000101001101111000111,GooglePixel3A_V
7e:0d:d2:a2:fe:f9,00000000,00000000,,00000001,00000100,00000010000001000000101100010110,00110010,00001000,0000110000010010000110000010010000110000010010000110000001101100,00000011,00000001,00000010,,,,,,,,,,11011101,00000111,01010000011011111001101000010110000000110000000100000001,,,,00111111000100010010001001111110,GooglePixel3A_V
7e:0d:d2:a2:fe:f9,00000000,00000000,,00000001,00000100,00000010000001000000101100010110,00110010,00001000,0000110000010010000110000010010000110000010010000110000001101100,00000011,00000001,00000011,,,,,,,,,,11011101,00000111,01010000011011111001101000010110000000110000000100000001,,,,11101000000101001011100110001100,GooglePixel3A_V
7e:0d:d2:a2:fe:f9,00000000,00000000,,00000001,00000100,00000010000001000000101100010110,00110010,00001000,0000110000010010000110000010010000110000010010000110000001101100,00000011,00000001,00000100,,,,,,,,,,11011101,00000111,01010000011011111001101000010110000000110000000100000001,,,,10101010101111001000111001001001,GooglePixel3A_V
7e:0d:d2:a2:fe:f9,00000000,00000000,,00000001,00000100,00000010000001000000101100010110,00110010,00001000,0000110000010010000110000010010000110000010010000110000001101100,00000011,00000001,00001001,,,,,,,,,,11011101,00000111,01010000011011111001101000010110000000110000000100000001,,,,00100111000100110011100100101101,GooglePixel3A_V
7e:0d:d2:a2:fe:f9,00000000,00000000,,00000001,00000100,00000010000001000000101100010110,00110010,00001000,0000110000010010000110000010010000110000010010000110000001101100,00000011,00000001,00001010,,,,,,,,,,11011101,00000111,01010000011011111001101000010110000000110000000100000001,,,,11001101110001100101011111011011,GooglePixel3A_V
7e:0d:d2:a2:fe:f9,00000000,00000000,,00000001,00000100,00000010000001000000101100010110,00110010,00001000,0000110000010010000110000010010000110000010010000110000001101100,00000011,00000001,00001011,,,,,,,,,,11011101,00000111,01010000011011111001101000010110000000110000000100000001,,,,01101100101001010001101101100110,GooglePixel3A_V
7e:0d:d2:a2:fe:f9,00000000,00000000,,00000001,00000100,00000010000001000000101100010110,00110010,00001000,0000110000010010000110000010010000110000010010000110000001101100,00000011,00000001,00001100,,,,,,,,,,11011101,00000111,01010000011011111001101000010110000000110000000100000001,,,,11111100110100001001111010011001,GooglePixel3A_V
7e:0d:d2:a2:fe:f9,00000000,00000000,,00000001,00000100,00000010000001000000101100010110,00110010,00001000,0000110000010010000110000010010000110000010010000110000001101100,00000011,00000001,00001101,,,,,,,,,,11011101,00000111,01010000011011111001101000010110000000110000000100000001,,,,11111001000010001011011101010001,GooglePixel3A_V
02:92:18:20:0f:af,00000000,00000000,,00000001,00000100,00000010000001000000101100010110,00110010,00001000,0000110000010010000110000010010000110000010010000110000001101100,00000011,00000001,00000001,,,,,,,,,,11011101,00000111,01010000011011111001101000010110000000110000000100000001,,,,10010111100100000010111000000101,GooglePixel3A_V
02:92:18:20:0f:af,00000000,00000000,,00000001,00000100,00000010000001000000101100010110,00110010,00001000,0000110000010010000110000010010000110000010010000110000001101100,00000011,00000001,00000010,,,,,,,,,,11011101,00000111,01010000011011111001101000010110000000110000000100000001,,,,01111101010001010100000011110011,GooglePixel3A_V
02:92:18:20:0f:af,00000000,00000000,,00000001,00000100,00000010000001000000101100010110,00110010,00001000,0000110000010010000110000010010000110000010010000110000001101100,00000011,00000001,00000011,,,,,,,,,,11011101,00000111,01010000011011111001101000010110000000110000000100000001,,,,10010100010100011100011110100100,GooglePixel3A_V
02:92:18:20:0f:af,00000000,00000000,,00000001,00000100,00000010000001000000101100010110,00110010,00001000,0000110000010010000110000010010000110000010010000110000001101100,00000011,00000001,00000100,,,,,,,,,,11011101,00000111,01010000011011111001101000010110000000110000000100000001,,,,00000100001001000100001001011011,GooglePixel3A_V
02:92:18:20:0f:af,00000000,00000000,,00000001,00000100,00000010000001000000101100010110,00110010,00001000,0000110000010010000110000010010000110000010010000110000001101100,00000011,00000001,00001001,,,,,,,,,,11011101,00000111,01010000011011111001101000010110000000110000000100000001,,,,00010000000101001101100111011011,GooglePixel3A_V
02:92:18:20:0f:af,00000000,00000000,,00000001,00000100,00000010000001000000101100010110,00110010,00001000,0000110000010010000110000010010000110000010010000110000001101100,00000011,00000001,00001010,,,,,,,,,,11011101,00000111,01010000011011111001101000010110000000110000000100000001,,,,00101000000111000000010100010111,GooglePixel3A_V
02:92:18:20:0f:af,00000000,00000000,,00000001,00000100,00000010000001000000101100010110,00110010,00001000,0000110000010010000110000010010000110000010010000110000001101100,00000011,00000001,00001011,,,,,,,,,,11011101,00000111,01010000011011111001101000010110000000110000000100000001,,,,11111111000110011001111011100101,GooglePixel3A_V
02:92:18:20:0f:af,00000000,00000000,,00000001,00000100,00000010000001000000101100010110,00110010,00001000,0000110000010010000110000010010000110000010010000110000001101100,00000011,00000001,00001100,,,,,,,,,,11011101,00000111,01010000011011111001101000010110000000110000000100000001,,,,10000000100101011110000010110001,GooglePixel3A_V
02:92:18:20:0f:af,00000000,00000000,,00000001,00000100,00000010000001000000101100010110,00110010,00001000,0000110000010010000110000010010000110000010010000110000001101100,00000011,00000001,00001101,,,,,,,,,,11011101,00000111,01010000011011111001101000010110000000110000000100000001,,,,01010111100100000111101101000011,GooglePixel3A_V
1e:f2:5a:2a:13:68,00000000,00000000,,00000001,00000100,00000010000001000000101100010110,00110010,00001000,0000110000010010000110000010010000110000010010000110000001101100,00000011,00000001,00000001,,,,,,,,,,11011101,00000111,01010000011011111001101000010110000000110000000100000001,,,,00110001001111000100010000011110,GooglePixel3A_V
1e:f2:5a:2a:13:68,00000000,00000000,,00000001,00000100,00000010000001000000101100010110,00110010,00001000,0000110000010010000110000010010000110000010010000110000001101100,00000011,00000001,00000010,,,,,,,,,,11011101,00000111,01010000011011111001101000010110000000110000000100000001,,,,11011011111010010010101011101000,GooglePixel3A_V
1e:f2:5a:2a:13:68,00000000,00000000,,00000001,00000100,00000010000001000000101100010110,00110010,00001000,0000110000010010000110000010010000110000010010000110000001101100,00000011,00000001,00000011,,,,,,,,,,11011101,00000111,01010000011011111001101000010110000000110000000100000001,,,,11011110001100010000001100100000,GooglePixel3A_V
1e:f2:5a:2a:13:68,00000000,00000000,,00000001,00000100,00000010000001000000101100010110,00110010,00001000,0000110000010010000110000010010000110000010010000110000001101100,00000011,00000001,00001001,,,,,,,,,,11011101,00000111,01010000011011111001101000010110000000110000000100000001,,,,00010010000000111101011010110101,GooglePixel3A_V
1e:f2:5a:2a:13:68,00000000,00000000,,00000001,00000100,00000010000001000000101100010110,00110010,00001000,0000110000010010000110000010010000110000010010000110000001101100,00000011,00000001,00001010,,,,,,,,,,11011101,00000111,01010000011011111001101000010110000000110000000100000001,,,,10001110101100000110111100001100,GooglePixel3A_V
1e:f2:5a:2a:13:68,00000000,00000000,,00000001,00000100,00000010000001000000101100010110,00110010,00001000,0000110000010010000110000010010000110000010010000110000001101100,00000011,00000001,00001011,,,,,,,,,,11011101,00000111,01010000011011111001101000010110000000110000000100000001,,,,01011001101101011111010011111110,GooglePixel3A_V
1e:f2:5a:2a:13:68,00000000,00000000,,00000001,00000100,00000010000001000000101100010110,00110010,00001000,0000110000010010000110000010010000110000010010000110000001101100,00000011,00000001,00001100,,,,,,,,,,11011101,00000111,01010000011011111001101000010110000000110000000100000001,,,,00011011000111011100001100111011,GooglePixel3A_V
1e:f2:5a:2a:13:68,00000000,00000000,,00000001,00000100,00000010000001000000101100010110,00110010,00001000,0000110000010010000110000010010000110000010010000110000001101100,00000011,00000001,00001101,,,,,,,,,,11011101,00000111,01010000011011111001101000010110000000110000000100000001,,,,11001100000110000101100011001001,GooglePixel3A_V
b2:7c:57:27:9d:37,00000000,00000000,,00000001,00000100,00000010000001000000101100010110,00110010,00001000,0000110000010010000110000010010000110000010010000110000001101100,00000011,00000001,00000001,,,,,,,,,,11011101,00000111,01010000011011111001101000010110000000110000000100000001,,,,11011101101011000110101100100110,GooglePixel3A_V
b2:7c:57:27:9d:37,00000000,00000000,,00000001,00000100,00000010000001000000101100010110,00110010,00001000,0000110000010010000110000010010000110000010010000110000001101100,00000011,00000001,00000010,,,,,,,,,,11011101,00000111,01010000011011111001101000010110000000110000000100000001,,,,00110111011110010000010111010000,GooglePixel3A_V
b2:7c:57:27:9d:37,00000000,00000000,,00000001,00000100,00000010000001000000101100010110,00110010,00001000,0000110000010010000110000010010000110000010010000110000001101100,00000011,00000001,00000011,,,,,,,,,,11011101,00000111,01010000011011111001101000010110000000110000000100000001,,,,10010110000110100100100101101101,GooglePixel3A_V
b2:7c:57:27:9d:37,00000000,00000000,,00000001,00000100,00000010000001000000101100010110,00110010,00001000,0000110000010010000110000010010000110000010010000110000001101100,00000011,00000001,00000110,,,,,,,,,,11011101,00000111,01010000011011111001101000010110000000110000000100000001,,,,00010110000000110000000100000001,GooglePixel3A_V
b2:7c:57:27:9d:37,00000000,00000000,,00000001,00000100,00000010000001000000101100010110,00110010,00001000,0000110000010010000110000010010000110000010010000110000001101100,00000011,00000001,00001001,,,,,,,,,,11011101,00000111,01010000011011111001101000010110000000110000000100000001,,,,01011010001010001001110011111000,GooglePixel3A_V
b2:7c:57:27:9d:37,00000000,00000000,,00000001,00000100,00000010000001000000101100010110,00110010,00001000,0000110000010010000110000010010000110000010010000110000001101100,00000011,00000001,00001001,,,,,,,,,,11011101,00000111,01010000011011111001101000010110000000110000000100000001,,,,00010110000000110000000100000001,GooglePixel3A_V
b2:7c:57:27:9d:37,00000000,00000000,,00000001,00000100,00000010000001000000101100010110,00110010,00001000,0000110000010010000110000010010000110000010010000110000001101100,00000011,00000001,00001010,,,,,,,,,,11011101,00000111,01010000011011111001101000010110000000110000000100000001,,,,01100010001000000100000000110100,GooglePixel3A_V
b2:7c:57:27:9d:37,00000000,00000000,,00000001,00000100,00000010000001000000101100010110,00110010,00001000,0000110000010010000110000010010000110000010010000110000001101100,00000011,00000001,00001011,,,,,,,,,,11011101,00000111,01010000011011111001101000010110000000110000000100000001,,,,10110101001001011101101111000110,GooglePixel3A_V
b2:7c:57:27:9d:37,00000000,00000000,,00000001,00000100,00000010000001000000101100010110,00110010,00001000,0000110000010010000110000010010000110000010010000110000001101100,00000011,00000001,00001100,,,,,,,,,,11011101,00000111,01010000011011111001101000010110000000110000000100000001,,,,01010011001101101000100101110110,GooglePixel3A_V
b2:7c:57:27:9d:37,00000000,00000000,,00000001,00000100,00000010000001000000101100010110,00110010,00001000,0000110000010010000110000010010000110000010010000110000001101100,00000011,00000001,00001101,,,,,,,,,,11011101,00000111,01010000011011111001101000010110000000110000000100000001,,,,10000100001100110001001010000100,GooglePixel3A_V
0a:15:ab:98:1b:ea,00000000,00000000,,00000001,00000100,00000010000001000000101100010110,00110010,00001000,0000110000010010000110000010010000110000010010000110000001101100,00000011,00000001,00000001,,,,,,,,,,11011101,00000111,01010000011011111001101000010110000000110000000100000001,,,,10010111110000011000010001000001,GooglePixel3A_V
0a:15:ab:98:1b:ea,00000000,00000000,,00000001,00000100,00000010000001000000101100010110,00110010,00001000,0000110000010010000110000010010000110000010010000110000001101100,00000011,00000001,00000010,,,,,,,,,,11011101,00000111,01010000011011111001101000010110000000110000000100000001,,,,00110000001111001101111000000001,GooglePixel3A_V
0a:15:ab:98:1b:ea,00000000,00000000,,00000001,00000100,00000010000001000000101100010110,00110010,00001000,0000110000010010000110000010010000110000010010000110000001101100,00000011,00000001,00000011,,,,,,,,,,11011101,00000111,01010000011011111001101000010110000000110000000100000001,,,,11100111001110010100010111110011,GooglePixel3A_V
0a:15:ab:98:1b:ea,00000000,00000000,,00000001,00000100,00000010000001000000101100010110,00110010,00001000,0000110000010010000110000010010000110000010010000110000001101100,00000011,00000001,00000110,,,,,,,,,,11011101,00000111,01010000011011111001101000010110000000110000000100000001,,,,00010110000000110000000100000001,GooglePixel3A_V
0a:15:ab:98:1b:ea,00000000,00000000,,00000001,00000100,00000010000001000000101100010110,00110010,00001000,0000110000010010000110000010010000110000010010000110000001101100,00000011,00000001,00001001,,,,,,,,,,11011101,00000111,01010000011011111001101000010110000000110000000100000001,,,,10110001101000011110100110110110,GooglePixel3A_V
0a:15:ab:98:1b:ea,00000000,00000000,,00000001,00000100,00000010000001000000101100010110,00110010,00001000,0000110000010010000110000010010000110000010010000110000001101100,00000011,00000001,00001010,,,,,,,,,,11011101,00000111,01010000011011111001101000010110000000110000000100000001,,,,01011011011101001000011101000000,GooglePixel3A_V
0a:15:ab:98:1b:ea,00000000,00000000,,00000001,00000100,00000010000001000000101100010110,00110010,00001000,0000110000010010000110000010010000110000010010000110000001101100,00000011,00000001,00001011,,,,,,,,,,11011101,00000111,01010000011011111001101000010110000000110000000100000001,,,,10110010011000000000000000010111,GooglePixel3A_V
0a:15:ab:98:1b:ea,00000000,00000000,,00000001,00000100,00000010000001000000101100010110,00110010,00001000,0000110000010010000110000010010000110000010010000110000001101100,00000011,00000001,00001100,,,,,,,,,,11011101,00000111,01010000011011111001101000010110000000110000000100000001,,,,00100010000101011000010111101000,GooglePixel3A_V
0a:15:ab:98:1b:ea,00000000,00000000,,00000001,00000100,00000010000001000000101100010110,00110010,00001000,0000110000010010000110000010010000110000010010000110000001101100,00000011,00000001,00001101,,,,,,,,,,11011101,00000111,01010000011011111001101000010110000000110000000100000001,,,,00100111110011011010110000100000,GooglePixel3A_V
62:6b:1b:46:66:1e,00000000,00000000,,00000001,00000100,00000010000001000000101100010110,00110010,00001000,0000110000010010000110000010010000110000010010000110000001101100,00000011,00000001,00000001,,,,,,,,,,11011101,00000111,00000000010100001111001000001000000000000010011100000000,,,,11010111111000100001100101010001,GooglePixel3A_V
62:6b:1b:46:66:1e,00000000,00000000,,00000001,00000100,00000010000001000000101100010110,00110010,00001000,0000110000010010000110000010010000110000010010000110000001101100,00000011,00000001,00000001,,,,,,,,,,11011101,00000111,00000000010100001111001000001000000000000010011100000000,,,,01001000111010101001011100000011,GooglePixel3A_V
62:6b:1b:46:66:1e,00000000,00000000,,00000001,00000100,00000010000001000000101100010110,00110010,00001000,0000110000010010000110000010010000110000010010000110000001101100,00000011,00000001,00000010,,,,,,,,,,11011101,00000111,00000000010100001111001000001000000000000010011100000000,,,,10100010001111111111100111110101,GooglePixel3A_V
62:6b:1b:46:66:1e,00000000,00000000,,00000001,00000100,00000010000001000000101100010110,00110010,00001000,0000110000010010000110000010010000110000010010000110000001101100,00000011,00000001,00000010,,,,,,,,,,11011101,00000111,00000000010100001111001000001000000000000010011100000000,,,,10011001100011000001001011010010,GooglePixel3A_V
62:6b:1b:46:66:1e,00000000,00000000,,00000001,00000100,00000010000001000000101100010110,00110010,00001000,0000110000010010000110000010010000110000010010000110000001101100,00000011,00000001,00000011,,,,,,,,,,11011101,00000111,00000000010100001111001000001000000000000010011100000000,,,,01001000000111100010101110010110,GooglePixel3A_V
62:6b:1b:46:66:1e,00000000,00000000,,00000001,00000100,00000010000001000000101100010110,00110010,00001000,0000110000010010000110000010010000110000010010000110000001101100,00000011,00000001,00000110,,,,,,,,,,11011101,00000111,00000000010100001111001000001000000000000010011100000000,,,,00001000000000000010011100000000,GooglePixel3A_V
62:6b:1b:46:66:1e,00000000,00000000,,00000001,00000100,00000010000001000000101100010110,00110010,00001000,0000110000010010000110000010010000110000010010000110000001101100,00000011,00000001,00000111,,,,,,,,,,11011101,00000111,00000000010100001111001000001000000000000010011100000000,,,,00001000000000000010011100000000,GooglePixel3A_V
62:6b:1b:46:66:1e,00000000,00000000,,00000001,00000100,00000010000001000000101100010110,00110010,00001000,0000110000010010000110000010010000110000010010000110000001101100,00000011,00000001,00001001,,,,,,,,,,11011101,00000111,00000000010100001111001000001000000000000010011100000000,,,,11110010010010100010100101001100,GooglePixel3A_V
62:6b:1b:46:66:1e,00000000,00000000,,00000001,00000100,00000010000001000000101100010110,00110010,00001000,0000110000010010000110000010010000110000010010000110000001101100,00000011,00000001,00001001,,,,,,,,,,11011101,00000111,00000000010100001111001000001000000000000010011100000000,,,,01101101010000101010011100011110,GooglePixel3A_V
62:6b:1b:46:66:1e,00000000,00000000,,00000001,00000100,00000010000001000000101100010110,00110010,00001000,0000110000010010000110000010010000110000010010000110000001101100,00000011,00000001,00001001,,,,,,,,,,11011101,00000111,00000000010100001111001000001000000000000010011100000000,,,,00001000000000000010011100000000,GooglePixel3A_V
62:6b:1b:46:66:1e,00000000,00000000,,00000001,00000100,00000010000001000000101100010110,00110010,00001000,0000110000010010000110000010010000110000010010000110000001101100,00000011,00000001,00001010,,,,,,,,,,11011101,00000111,00000000010100001111001000001000000000000010011100000000,,,,10000111100101111100100111101000,GooglePixel3A_V
62:6b:1b:46:66:1e,00000000,00000000,,00000001,00000100,00000010000001000000101100010110,00110010,00001000,0000110000010010000110000010010000110000010010000110000001101100,00000011,00000001,00001010,,,,,,,,,,11011101,00000111,00000000010100001111001000001000000000000010011100000000,,,,10111100001001000010001011001111,GooglePixel3A_V
62:6b:1b:46:66:1e,00000000,00000000,,00000001,00000100,00000010000001000000101100010110,00110010,00001000,0000110000010010000110000010010000110000010010000110000001101100,00000011,00000001,00001011,,,,,,,,,,11011101,00000111,00000000010100001111001000001000000000000010011100000000,,,,01101011001000011011100100111101,GooglePixel3A_V
62:6b:1b:46:66:1e,00000000,00000000,,00000001,00000100,00000010000001000000101100010110,00110010,00001000,0000110000010010000110000010010000110000010010000110000001101100,00000011,00000001,00001011,,,,,,,,,,11011101,00000111,00000000010100001111001000001000000000000010011100000000,,,,00000011100000100111010011011010,GooglePixel3A_V
62:6b:1b:46:66:1e,00000000,00000000,,00000001,00000100,00000010000001000000101100010110,00110010,00001000,0000110000010010000110000010010000110000010010000110000001101100,00000011,00000001,00001100,,,,,,,,,,11011101,00000111,00000000010100001111001000001000000000000010011100000000,,,,10010011111101111111000100100101,GooglePixel3A_V
62:6b:1b:46:66:1e,00000000,00000000,,00000001,00000100,00000010000001000000101100010110,00110010,00001000,0000110000010010000110000010010000110000010010000110000001101100,00000011,00000001,00001100,,,,,,,,,,11011101,00000111,00000000010100001111001000001000000000000010011100000000,,,,10101000010001000001101000000010,GooglePixel3A_V
62:6b:1b:46:66:1e,00000000,00000000,,00000001,00000100,00000010000001000000101100010110,00110010,00001000,0000110000010010000110000010010000110000010010000110000001101100,00000011,00000001,00001101,,,,,,,,,,11011101,00000111,00000000010100001111001000001000000000000010011100000000,,,,01111111010000011000000111110000,GooglePixel3A_V
62:6b:1b:46:66:1e,00000000,00000000,,00000001,00000100,00000010000001000000101100010110,00110010,00001000,0000110000010010000110000010010000110000010010000110000001101100,00000011,00000001,00001101,,,,,,,,,,11011101,00000111,00000000010100001111001000001000000000000010011100000000,,,,11100000010010010000111110100010,GooglePixel3A_V
c6:84:0f:7a:13:ff,00000000,00000000,,00000001,00000100,00000010000001000000101100010110,00110010,00001000,0000110000010010000110000010010000110000010010000110000001101100,00000011,00000001,00000001,,,,,,,,,,11011101,00000111,00000000010100001111001000001000000000000010011100000000,,,,11100111101111011001000011111111,GooglePixel3A_V
c6:84:0f:7a:13:ff,00000000,00000000,,00000001,00000100,00000010000001000000101100010110,00110010,00001000,0000110000010010000110000010010000110000010010000110000001101100,00000011,00000001,00000001,,,,,,,,,,11011101,00000111,00000000010100001111001000001000000000000010011100000000,,,,00001110110100111100100111100010,GooglePixel3A_V
c6:84:0f:7a:13:ff,00000000,00000000,,00000001,00000100,00000010000001000000101100010110,00110010,00001000,0000110000010010000110000010010000110000010010000110000001101100,00000011,00000001,00000010,,,,,,,,,,11011101,00000111,00000000010100001111001000001000000000000010011100000000,,,,00110110110110110001010100101110,GooglePixel3A_V
c6:84:0f:7a:13:ff,00000000,00000000,,00000001,00000100,00000010000001000000101100010110,00110010,00001000,0000110000010010000110000010010000110000010010000110000001101100,00000011,00000001,00000010,,,,,,,,,,11011101,00000111,00000000010100001111001000001000000000000010011100000000,,,,11011111101101010100110000110011,GooglePixel3A_V
c6:84:0f:7a:13:ff,00000000,00000000,,00000001,00000100,00000010000001000000101100010110,00110010,00001000,0000110000010010000110000010010000110000010010000110000001101100,00000011,00000001,00000011,,,,,,,,,,11011101,00000111,00000000010100001111001000001000000000000010011100000000,,,,00110110101000011100101101100100,GooglePixel3A_V
c6:84:0f:7a:13:ff,00000000,00000000,,00000001,00000100,00000010000001000000101100010110,00110010,00001000,0000110000010010000110000010010000110000010010000110000001101100,00000011,00000001,00000011,,,,,,,,,,11011101,00000111,00000000010100001111001000001000000000000010011100000000,,,,11011111110011111001001001111001,GooglePixel3A_V
c6:84:0f:7a:13:ff,00000000,00000000,,00000001,00000100,00000010000001000000101100010110,00110010,00001000,0000110000010010000110000010010000110000010010000110000001101100,00000011,00000001,00000110,,,,,,,,,,11011101,00000111,00000000010100001111001000001000000000000010011100000000,,,,00001000000000000010011100000000,GooglePixel3A_V
c6:84:0f:7a:13:ff,00000000,00000000,,00000001,00000100,00000010000001000000101100010110,00110010,00001000,0000110000010010000110000010010000110000010010000110000001101100,00000011,00000001,00001001,,,,,,,,,,11011101,00000111,00000000010100001111001000001000000000000010011100000000,,,,01100000110001000110111111111111,GooglePixel3A_V
c6:84:0f:7a:13:ff,00000000,00000000,,00000001,00000100,00000010000001000000101100010110,00110010,00001000,0000110000010010000110000010010000110000010010000110000001101100,00000011,00000001,00001001,,,,,,,,,,11011101,00000111,00000000010100001111001000001000000000000010011100000000,,,,10001001101010100011011011100010,GooglePixel3A_V
c6:84:0f:7a:13:ff,00000000,00000000,,00000001,00000100,00000010000001000000101100010110,00110010,00001000,0000110000010010000110000010010000110000010010000110000001101100,00000011,00000001,00001010,,,,,,,,,,11011101,00000111,00000000010100001111001000001000000000000010011100000000,,,,10110001101000101110101000101110,GooglePixel3A_V
c6:84:0f:7a:13:ff,00000000,00000000,,00000001,00000100,00000010000001000000101100010110,00110010,00001000,0000110000010010000110000010010000110000010010000110000001101100,00000011,00000001,00001010,,,,,,,,,,11011101,00000111,00000000010100001111001000001000000000000010011100000000,,,,01011000110011001011001100110011,GooglePixel3A_V
c6:84:0f:7a:13:ff,00000000,00000000,,00000001,00000100,00000010000001000000101100010110,00110010,00001000,0000110000010010000110000010010000110000010010000110000001101100,00000011,00000001,00001011,,,,,,,,,,11011101,00000111,00000000010100001111001000001000000000000010011100000000,,,,10110001110110000011010001100100,GooglePixel3A_V
c6:84:0f:7a:13:ff,00000000,00000000,,00000001,00000100,00000010000001000000101100010110,00110010,00001000,0000110000010010000110000010010000110000010010000110000001101100,00000011,00000001,00001011,,,,,,,,,,11011101,00000111,00000000010100001111001000001000000000000010011100000000,,,,01011000101101100110110101111001,GooglePixel3A_V
c6:84:0f:7a:13:ff,00000000,00000000,,00000001,00000100,00000010000001000000101100010110,00110010,00001000,0000110000010010000110000010010000110000010010000110000001101100,00000011,00000001,00001100,,,,,,,,,,11011101,00000111,00000000010100001111001000001000000000000010011100000000,,,,00011010000111100101101010111100,GooglePixel3A_V
c6:84:0f:7a:13:ff,00000000,00000000,,00000001,00000100,00000010000001000000101100010110,00110010,00001000,0000110000010010000110000010010000110000010010000110000001101100,00000011,00000001,00001100,,,,,,,,,,11011101,00000111,00000000010100001111001000001000000000000010011100000000,,,,11110011011100000000001110100001,GooglePixel3A_V
c6:84:0f:7a:13:ff,00000000,00000000,,00000001,00000100,00000010000001000000101100010110,00110010,00001000,0000110000010010000110000010010000110000010010000110000001101100,00000011,00000001,00001101,,,,,,,,,,11011101,00000111,00000000010100001111001000001000000000000010011100000000,,,,01010010000100110100111100011100,GooglePixel3A_V
c6:84:0f:7a:13:ff,00000000,00000000,,00000001,00000100,00000010000001000000101100010110,00110010,00001000,0000110000010010000110000010010000110000010010000110000001101100,00000011,00000001,00001101,,,,,,,,,,11011101,00000111,00000000010100001111001000001000000000000010011100000000,,,,10111011011111010001011000000001,GooglePixel3A_V
da:4d:b1:16:41:8b,00000000,00000000,,00000001,00000100,00000010000001000000101100010110,00110010,00001000,0000110000010010000110000010010000110000010010000110000001101100,00000011,00000001,00000001,,,,,,,,,,11011101,00000111,00000000010100001111001000001000000000000010011100000000,,,,00011110011100011011111110111000,GooglePixel3A_V
da:4d:b1:16:41:8b,00000000,00000000,,00000001,00000100,00000010000001000000101100010110,00110010,00001000,0000110000010010000110000010010000110000010010000110000001101100,00000011,00000001,00000001,,,,,,,,,,11011101,00000111,00000000010100001111001000001000000000000010011100000000,,,,00100101110000100101010010011111,GooglePixel3A_V
da:4d:b1:16:41:8b,00000000,00000000,,00000001,00000100,00000010000001000000101100010110,00110010,00001000,0000110000010010000110000010010000110000010010000110000001101100,00000011,00000001,00000010,,,,,,,,,,11011101,00000111,00000000010100001111001000001000000000000010011100000000,,,,11001111000101110011101001101001,GooglePixel3A_V
da:4d:b1:16:41:8b,00000000,00000000,,00000001,00000100,00000010000001000000101100010110,00110010,00001000,0000110000010010000110000010010000110000010010000110000001101100,00000011,00000001,00000011,,,,,,,,,,11011101,00000111,00000000010100001111001000001000000000000010011100000000,,,,10000111000110100010111111001001,GooglePixel3A_V
da:4d:b1:16:41:8b,00000000,00000000,,00000001,00000100,00000010000001000000101100010110,00110010,00001000,0000110000010010000110000010010000110000010010000110000001101100,00000011,00000001,00000011,,,,,,,,,,11011101,00000111,00000000010100001111001000001000000000000010011100000000,,,,10111100101010011100010011101110,GooglePixel3A_V
da:4d:b1:16:41:8b,00000000,00000000,,00000001,00000100,00000010000001000000101100010110,00110010,00001000,0000110000010010000110000010010000110000010010000110000001101100,00000011,00000001,00000110,,,,,,,,,,11011101,00000111,00000000010100001111001000001000000000000010011100000000,,,,00001000000000000010011100000000,GooglePixel3A_V
da:4d:b1:16:41:8b,00000000,00000000,,00000001,00000100,00000010000001000000101100010110,00110010,00001000,0000110000010010000110000010010000110000010010000110000001101100,00000011,00000001,00001001,,,,,,,,,,11011101,00000111,00000000010100001111001000001000000000000010011100000000,,,,00111011110110011000111110100101,GooglePixel3A_V
da:4d:b1:16:41:8b,00000000,00000000,,00000001,00000100,00000010000001000000101100010110,00110010,00001000,0000110000010010000110000010010000110000010010000110000001101100,00000011,00000001,00001001,,,,,,,,,,11011101,00000111,00000000010100001111001000001000000000000010011100000000,,,,00000000011010100110010010000010,GooglePixel3A_V
da:4d:b1:16:41:8b,00000000,00000000,,00000001,00000100,00000010000001000000101100010110,00110010,00001000,0000110000010010000110000010010000110000010010000110000001101100,00000011,00000001,00001010,,,,,,,,,,11011101,00000111,00000000010100001111001000001000000000000010011100000000,,,,11101010101111110000101001110100,GooglePixel3A_V
da:4d:b1:16:41:8b,00000000,00000000,,00000001,00000100,00000010000001000000101100010110,00110010,00001000,0000110000010010000110000010010000110000010010000110000001101100,00000011,00000001,00001010,,,,,,,,,,11011101,00000111,00000000010100001111001000001000000000000010011100000000,,,,01110101101101111000010000100110,GooglePixel3A_V
da:4d:b1:16:41:8b,00000000,00000000,,00000001,00000100,00000010000001000000101100010110,00110010,00001000,0000110000010010000110000010010000110000010010000110000001101100,00000011,00000001,00001011,,,,,,,,,,11011101,00000111,00000000010100001111001000001000000000000010011100000000,,,,10100010101100100001111111010100,GooglePixel3A_V
da:4d:b1:16:41:8b,00000000,00000000,,00000001,00000100,00000010000001000000101100010110,00110010,00001000,0000110000010010000110000010010000110000010010000110000001101100,00000011,00000001,00001011,,,,,,,,,,11011101,00000111,00000000010100001111001000001000000000000010011100000000,,,,10011001000000011111010011110011,GooglePixel3A_V
da:4d:b1:16:41:8b,00000000,00000000,,00000001,00000100,00000010000001000000101100010110,00110010,00001000,0000110000010010000110000010010000110000010010000110000001101100,00000011,00000001,00001100,,,,,,,,,,11011101,00000111,00000000010100001111001000001000000000000010011100000000,,,,00001001011101000111000100001100,GooglePixel3A_V
da:4d:b1:16:41:8b,00000000,00000000,,00000001,00000100,00000010000001000000101100010110,00110010,00001000,0000110000010010000110000010010000110000010010000110000001101100,00000011,00000001,00001100,,,,,,,,,,11011101,00000111,00000000010100001111001000001000000000000010011100000000,,,,00001000000000000010011100000000,GooglePixel3A_V
da:4d:b1:16:41:8b,00000000,00000000,,00000001,00000100,00000010000001000000101100010110,00110010,00001000,0000110000010010000110000010010000110000010010000110000001101100,00000011,00000001,00001100,,,,,,,,,,11011101,00000111,00000000010100001111001000001000000000000010011100000000,,,,11011110000010110011010010110100,GooglePixel3A_V
da:4d:b1:16:41:8b,00000000,00000000,,00000001,00000100,00000010000001000000101100010110,00110010,00001000,0000110000010010000110000010010000110000010010000110000001101100,00000011,00000001,00001100,,,,,,,,,,11011101,00000111,00000000010100001111001000001000000000000010011100000000,,,,00001000000000000010011100000000,GooglePixel3A_V
da:4d:b1:16:41:8b,00000000,00000000,,00000001,00000100,00000010000001000000101100010110,00110010,00001000,0000110000010010000110000010010000110000010010000110000001101100,00000011,00000001,00001101,,,,,,,,,,11011101,00000111,00000000010100001111001000001000000000000010011100000000,,,,00001001000011101010111101000110,GooglePixel3A_V
da:4d:b1:16:41:8b,00000000,00000000,,00000001,00000100,00000010000001000000101100010110,00110010,00001000,0000110000010010000110000010010000110000010010000110000001101100,00000011,00000001,00001101,,,,,,,,,,11011101,00000111,00000000010100001111001000001000000000000010011100000000,,,,00110010101111010100010001100001,GooglePixel3A_V
9e:75:08:46:d3:0d,00000000,00000000,,00000001,00000100,00000010000001000000101100010110,00110010,00001000,0000110000010010000110000010010000110000010010000110000001101100,00000011,00000001,00000001,,,,,,,,,,11011101,00000111,00000000010100001111001000001000000000000010011100000000,,,,10101010010011110111000101011010,GooglePixel3A_V
9e:75:08:46:d3:0d,00000000,00000000,,00000001,00000100,00000010000001000000101100010110,00110010,00001000,0000110000010010000110000010010000110000010010000110000001101100,00000011,00000001,00000001,,,,,,,,,,11011101,00000111,00000000010100001111001000001000000000000010011100000000,,,,01000011001000010010100001000111,GooglePixel3A_V
9e:75:08:46:d3:0d,00000000,00000000,,00000001,00000100,00000010000001000000101100010110,00110010,00001000,0000110000010010000110000010010000110000010010000110000001101100,00000011,00000001,00000011,,,,,,,,,,11011101,00000111,00000000010100001111001000001000000000000010011100000000,,,,00110011001001001110000100101011,GooglePixel3A_V
9e:75:08:46:d3:0d,00000000,00000000,,00000001,00000100,00000010000001000000101100010110,00110010,00001000,0000110000010010000110000010010000110000010010000110000001101100,00000011,00000001,00000011,,,,,,,,,,11011101,00000111,00000000010100001111001000001000000000000010011100000000,,,,11011010010010101011100000110110,GooglePixel3A_V
9e:75:08:46:d3:0d,00000000,00000000,,00000001,00000100,00000010000001000000101100010110,00110010,00001000,0000110000010010000110000010010000110000010010000110000001101100,00000011,00000001,00000101,,,,,,,,,,11011101,00000111,00000000010100001111001000001000000000000010011100000000,,,,00001000000000000010011100000000,GooglePixel3A_V
9e:75:08:46:d3:0d,00000000,00000000,,00000001,00000100,00000010000001000000101100010110,00110010,00001000,0000110000010010000110000010010000110000010010000110000001101100,00000011,00000001,00000110,,,,,,,,,,11011101,00000111,00000000010100001111001000001000000000000010011100000000,,,,00001000000000000010011100000000,GooglePixel3A_V
9e:75:08:46:d3:0d,00000000,00000000,,00000001,00000100,00000010000001000000101100010110,00110010,00001000,0000110000010010000110000010010000110000010010000110000001101100,00000011,00000001,00001001,,,,,,,,,,11011101,00000111,00000000010100001111001000001000000000000010011100000000,,,,10001111111001110100000101000111,GooglePixel3A_V
9e:75:08:46:d3:0d,00000000,00000000,,00000001,00000100,00000010000001000000101100010110,00110010,00001000,0000110000010010000110000010010000110000010010000110000001101100,00000011,00000001,00001001,,,,,,,,,,11011101,00000111,00000000010100001111001000001000000000000010011100000000,,,,01100110100010010001100001011010,GooglePixel3A_V
9e:75:08:46:d3:0d,00000000,00000000,,00000001,00000100,00000010000001000000101100010110,00110010,00001000,0000110000010010000110000010010000110000010010000110000001101100,00000011,00000001,00001001,,,,,,,,,,11011101,00000111,00000000010100001111001000001000000000000010011100000000,,,,00001000000000000010011100000000,GooglePixel3A_V
9e:75:08:46:d3:0d,00000000,00000000,,00000001,00000100,00000010000001000000101100010110,00110010,00001000,0000110000010010000110000010010000110000010010000110000001101100,00000011,00000001,00001010,,,,,,,,,,11011101,00000111,00000000010100001111001000001000000000000010011100000000,,,,11111010001110101010000111100011,GooglePixel3A_V
9e:75:08:46:d3:0d,00000000,00000000,,00000001,00000100,00000010000001000000101100010110,00110010,00001000,0000110000010010000110000010010000110000010010000110000001101100,00000011,00000001,00001010,,,,,,,,,,11011101,00000111,00000000010100001111001000001000000000000010011100000000,,,,00010011010101001111100011111110,GooglePixel3A_V
9e:75:08:46:d3:0d,00000000,00000000,,00000001,00000100,00000010000001000000101100010110,00110010,00001000,0000110000010010000110000010010000110000010010000110000001101100,00000011,00000001,00001011,,,,,,,,,,11011101,00000111,00000000010100001111001000001000000000000010011100000000,,,,00010110100011001101000100110110,GooglePixel3A_V
9e:75:08:46:d3:0d,00000000,00000000,,00000001,00000100,00000010000001000000101100010110,00110010,00001000,0000110000010010000110000010010000110000010010000110000001101100,00000011,00000001,00001011,,,,,,,,,,11011101,00000111,00000000010100001111001000001000000000000010011100000000,,,,11111111111000101000100000101011,GooglePixel3A_V
9e:75:08:46:d3:0d,00000000,00000000,,00000001,00000100,00000010000001000000101100010110,00110010,00001000,0000110000010010000110000010010000110000010010000110000001101100,00000011,00000001,00001100,,,,,,,,,,11011101,00000111,00000000010100001111001000001000000000000010011100000000,,,,00100010101111110011100101100010,GooglePixel3A_V
9e:75:08:46:d3:0d,00000000,00000000,,00000001,00000100,00000010000001000000101100010110,00110010,00001000,0000110000010010000110000010010000110000010010000110000001101100,00000011,00000001,00001100,,,,,,,,,,11011101,00000111,00000000010100001111001000001000000000000010011100000000,,,,11001011110100010110000001111111,GooglePixel3A_V
9e:75:08:46:d3:0d,00000000,00000000,,00000001,00000100,00000010000001000000101100010110,00110010,00001000,0000110000010010000110000010010000110000010010000110000001101100,00000011,00000001,00001101,,,,,,,,,,11011101,00000111,00000000010100001111001000001000000000000010011100000000,,,,11001110000010010100100110110111,GooglePixel3A_V
9e:75:08:46:d3:0d,00000000,00000000,,00000001,00000100,00000010000001000000101100010110,00110010,00001000,0000110000010010000110000010010000110000010010000110000001101100,00000011,00000001,00001101,,,,,,,,,,11011101,00000111,00000000010100001111001000001000000000000010011100000000,,,,00100111011001110001000010101010,GooglePixel3A_V
62:2e:9b:9a:8b:d8,00000000,00000000,,00000001,00000100,00000010000001000000101100010110,00110010,00001000,0000110000010010000110000010010000110000010010000110000001101100,00000011,00000001,00000001,,,,,,,,,,11011101,00000111,00000000010100001111001000001000000000000010011100000000,,,,01010101000010011110011010010000,GooglePixel3A_V
62:2e:9b:9a:8b:d8,00000000,00000000,,00000001,00000100,00000010000001000000101100010110,00110010,00001000,0000110000010010000110000010010000110000010010000110000001101100,00000011,00000001,00000001,,,,,,,,,,11011101,00000111,00000000010100001111001000001000000000000010011100000000,,,,10000010011101101010001100101000,GooglePixel3A_V
62:2e:9b:9a:8b:d8,00000000,00000000,,00000001,00000100,00000010000001000000101100010110,00110010,00001000,0000110000010010000110000010010000110000010010000110000001101100,00000011,00000001,00000010,,,,,,,,,,11011101,00000111,00000000010100001111001000001000000000000010011100000000,,,,01101000101000111100110111011110,GooglePixel3A_V
62:2e:9b:9a:8b:d8,00000000,00000000,,00000001,00000100,00000010000001000000101100010110,00110010,00001000,0000110000010010000110000010010000110000010010000110000001101100,00000011,00000001,00000010,,,,,,,,,,11011101,00000111,00000000010100001111001000001000000000000010011100000000,,,,01010011000100000010011011111001,GooglePixel3A_V
62:2e:9b:9a:8b:d8,00000000,00000000,,00000001,00000100,00000010000001000000101100010110,00110010,00001000,0000110000010010000110000010010000110000010010000110000001101100,00000011,00000001,00000011,,,,,,,,,,11011101,00000111,00000000010100001111001000001000000000000010011100000000,,,,10000100000101011011110100001011,GooglePixel3A_V
62:2e:9b:9a:8b:d8,00000000,00000000,,00000001,00000100,00000010000001000000101100010110,00110010,00001000,0000110000010010000110000010010000110000010010000110000001101100,00000011,00000001,00000011,,,,,,,,,,11011101,00000111,00000000010100001111001000001000000000000010011100000000,,,,00011011000111010011001101011001,GooglePixel3A_V
62:2e:9b:9a:8b:d8,00000000,00000000,,00000001,00000100,00000010000001000000101100010110,00110010,00001000,0000110000010010000110000010010000110000010010000110000001101100,00000011,00000001,00000110,,,,,,,,,,11011101,00000111,00000000010100001111001000001000000000000010011100000000,,,,00001000000000000010011100000000,GooglePixel3A_V
62:2e:9b:9a:8b:d8,00000000,00000000,,00000001,00000100,00000010000001000000101100010110,00110010,00001000,0000110000010010000110000010010000110000010010000110000001101100,00000011,00000001,00000110,,,,,,,,,,11011101,00000111,00000000010100001111001000001000000000000010011100000000,,,,00001000000000000010011100000000,GooglePixel3A_V
62:2e:9b:9a:8b:d8,00000000,00000000,,00000001,00000100,00000010000001000000101100010110,00110010,00001000,0000110000010010000110000010010000110000010010000110000001101100,00000011,00000001,00001001,,,,,,,,,,11011101,00000111,00000000010100001111001000001000000000000010011100000000,,,,11010010011100000001100110010000,GooglePixel3A_V
62:2e:9b:9a:8b:d8,00000000,00000000,,00000001,00000100,00000010000001000000101100010110,00110010,00001000,0000110000010010000110000010010000110000010010000110000001101100,00000011,00000001,00001001,,,,,,,,,,11011101,00000111,00000000010100001111001000001000000000000010011100000000,,,,00000101000011110101110000101000,GooglePixel3A_V
62:2e:9b:9a:8b:d8,00000000,00000000,,00000001,00000100,00000010000001000000101100010110,00110010,00001000,0000110000010010000110000010010000110000010010000110000001101100,00000011,00000001,00001010,,,,,,,,,,11011101,00000111,00000000010100001111001000001000000000000010011100000000,,,,11101111110110100011001011011110,GooglePixel3A_V
62:2e:9b:9a:8b:d8,00000000,00000000,,00000001,00000100,00000010000001000000101100010110,00110010,00001000,0000110000010010000110000010010000110000010010000110000001101100,00000011,00000001,00001010,,,,,,,,,,11011101,00000111,00000000010100001111001000001000000000000010011100000000,,,,11010100011010011101100111111001,GooglePixel3A_V
62:2e:9b:9a:8b:d8,00000000,00000000,,00000001,00000100,00000010000001000000101100010110,00110010,00001000,0000110000010010000110000010010000110000010010000110000001101100,00000011,00000001,00001011,,,,,,,,,,11011101,00000111,00000000010100001111001000001000000000000010011100000000,,,,00000011011011000100001000001011,GooglePixel3A_V
62:2e:9b:9a:8b:d8,00000000,00000000,,00000001,00000100,00000010000001000000101100010110,00110010,00001000,0000110000010010000110000010010000110000010010000110000001101100,00000011,00000001,00001011,,,,,,,,,,11011101,00000111,00000000010100001111001000001000000000000010011100000000,,,,10011100011001001100110001011001,GooglePixel3A_V
62:2e:9b:9a:8b:d8,00000000,00000000,,00000001,00000100,00000010000001000000101100010110,00110010,00001000,0000110000010010000110000010010000110000010010000110000001101100,00000011,00000001,00001100,,,,,,,,,,11011101,00000111,00000000010100001111001000001000000000000010011100000000,,,,00001100000100010100100110100110,GooglePixel3A_V
62:2e:9b:9a:8b:d8,00000000,00000000,,00000001,00000100,00000010000001000000101100010110,00110010,00001000,0000110000010010000110000010010000110000010010000110000001101100,00000011,00000001,00001100,,,,,,,,,,11011101,00000111,00000000010100001111001000001000000000000010011100000000,,,,00110111101000101010001010000001,GooglePixel3A_V
62:2e:9b:9a:8b:d8,00000000,00000000,,00000001,00000100,00000010000001000000101100010110,00110010,00001000,0000110000010010000110000010010000110000010010000110000001101100,00000011,00000001,00001101,,,,,,,,,,11011101,00000111,00000000010100001111001000001000000000000010011100000000,,,,11100000101001110011100101110011,GooglePixel3A_V
62:2e:9b:9a:8b:d8,00000000,00000000,,00000001,00000100,00000010000001000000101100010110,00110010,00001000,0000110000010010000110000010010000110000010010000110000001101100,00000011,00000001,00001101,,,,,,,,,,11011101,00000111,00000000010100001111001000001000000000000010011100000000,,,,11100110001100001001101111000101,GooglePixel3A_V
ce:4d:be:58:18:a3,00000000,00000000,,00000001,00000100,00000010000001000000101100010110,00110010,00001000,0000110000010010000110000010010000110000010010000110000001101100,00000011,00000001,00000001,,,,,,,,,,11011101,00000111,00000000010100001111001000001000000000000010011100000000,,,,10010111010000100100010111011101,GooglePixel3A_V
ce:4d:be:58:18:a3,00000000,00000000,,00000001,00000100,00000010000001000000101100010110,00110010,00001000,0000110000010010000110000010010000110000010010000110000001101100,00000011,00000001,00000001,,,,,,,,,,11011101,00000111,00000000010100001111001000001000000000000010011100000000,,,,01111110001011000001110011000000,GooglePixel3A_V
ce:4d:be:58:18:a3,00000000,00000000,,00000001,00000100,00000010000001000000101100010110,00110010,00001000,0000110000010010000110000010010000110000010010000110000001101100,00000011,00000001,00000010,,,,,,,,,,11011101,00000111,00000000010100001111001000001000000000000010011100000000,,,,10101111010010101001100100010001,GooglePixel3A_V
ce:4d:be:58:18:a3,00000000,00000000,,00000001,00000100,00000010000001000000101100010110,00110010,00001000,0000110000010010000110000010010000110000010010000110000001101100,00000011,00000001,00000011,,,,,,,,,,11011101,00000111,00000000010100001111001000001000000000000010011100000000,,,,01000110010111100001111001000110,GooglePixel3A_V
ce:4d:be:58:18:a3,00000000,00000000,,00000001,00000100,00000010000001000000101100010110,00110010,00001000,0000110000010010000110000010010000110000010010000110000001101100,00000011,00000001,00000011,,,,,,,,,,11011101,00000111,00000000010100001111001000001000000000000010011100000000,,,,10101111001100000100011101011011,GooglePixel3A_V
ce:4d:be:58:18:a3,00000000,00000000,,00000001,00000100,00000010000001000000101100010110,00110010,00001000,0000110000010010000110000010010000110000010010000110000001101100,00000011,00000001,00000110,,,,,,,,,,11011101,00000111,00000000010100001111001000001000000000000010011100000000,,,,00001000000000000010011100000000,GooglePixel3A_V
ce:4d:be:58:18:a3,00000000,00000000,,00000001,00000100,00000010000001000000101100010110,00110010,00001000,0000110000010010000110000010010000110000010010000110000001101100,00000011,00000001,00000111,,,,,,,,,,11011101,00000111,00000000010100001111001000001000000000000010011100000000,,,,00001000000000000010011100000000,GooglePixel3A_V
ce:4d:be:58:18:a3,00000000,00000000,,00000001,00000100,00000010000001000000101100010110,00110010,00001000,0000110000010010000110000010010000110000010010000110000001101100,00000011,00000001,00001001,,,,,,,,,,11011101,00000111,00000000010100001111001000001000000000000010011100000000,,,,10110010111010100111010111000000,GooglePixel3A_V
ce:4d:be:58:18:a3,00000000,00000000,,00000001,00000100,00000010000001000000101100010110,00110010,00001000,0000110000010010000110000010010000110000010010000110000001101100,00000011,00000001,00001001,,,,,,,,,,11011101,00000111,00000000010100001111001000001000000000000010011100000000,,,,01011011100001000010110011011101,GooglePixel3A_V
ce:4d:be:58:18:a3,00000000,00000000,,00000001,00000100,00000010000001000000101100010110,00110010,00001000,0000110000010010000110000010010000110000010010000110000001101100,00000011,00000001,00001010,,,,,,,,,,11011101,00000111,00000000010100001111001000001000000000000010011100000000,,,,01100011100011001111000000010001,GooglePixel3A_V
ce:4d:be:58:18:a3,00000000,00000000,,00000001,00000100,00000010000001000000101100010110,00110010,00001000,0000110000010010000110000010010000110000010010000110000001101100,00000011,00000001,00001010,,,,,,,,,,11011101,00000111,00000000010100001111001000001000000000000010011100000000,,,,10001010111000101010100100001100,GooglePixel3A_V
ce:4d:be:58:18:a3,00000000,00000000,,00000001,00000100,00000010000001000000101100010110,00110010,00001000,0000110000010010000110000010010000110000010010000110000001101100,00000011,00000001,00001011,,,,,,,,,,11011101,00000111,00000000010100001111001000001000000000000010011100000000,,,,01100011111101100010111001011011,GooglePixel3A_V
ce:4d:be:58:18:a3,00000000,00000000,,00000001,00000100,00000010000001000000101100010110,00110010,00001000,0000110000010010000110000010010000110000010010000110000001101100,00000011,00000001,00001011,,,,,,,,,,11011101,00000111,00000000010100001111001000001000000000000010011100000000,,,,10001010100110000111011101000110,GooglePixel3A_V
ce:4d:be:58:18:a3,00000000,00000000,,00000001,00000100,00000010000001000000101100010110,00110010,00001000,0000110000010010000110000010010000110000010010000110000001101100,00000011,00000001,00001100,,,,,,,,,,11011101,00000111,00000000010100001111001000001000000000000010011100000000,,,,11001000001100000100000010000011,GooglePixel3A_V
ce:4d:be:58:18:a3,00000000,00000000,,00000001,00000100,00000010000001000000101100010110,00110010,00001000,0000110000010010000110000010010000110000010010000110000001101100,00000011,00000001,00001100,,,,,,,,,,11011101,00000111,00000000010100001111001000001000000000000010011100000000,,,,00001000000000000010011100000000,GooglePixel3A_V
ce:4d:be:58:18:a3,00000000,00000000,,00000001,00000100,00000010000001000000101100010110,00110010,00001000,0000110000010010000110000010010000110000010010000110000001101100,00000011,00000001,00001100,,,,,,,,,,11011101,00000111,00000000010100001111001000001000000000000010011100000000,,,,00100001010111100001100110011110,GooglePixel3A_V
ce:4d:be:58:18:a3,00000000,00000000,,00000001,00000100,00000010000001000000101100010110,00110010,00001000,0000110000010010000110000010010000110000010010000110000001101100,00000011,00000001,00001100,,,,,,,,,,11011101,00000111,00000000010100001111001000001000000000000010011100000000,,,,00001000000000000010011100000000,GooglePixel3A_V
ce:4d:be:58:18:a3,00000000,00000000,,00000001,00000100,00000010000001000000101100010110,00110010,00001000,0000110000010010000110000010010000110000010010000110000001101100,00000011,00000001,00001101,,,,,,,,,,11011101,00000111,00000000010100001111001000001000000000000010011100000000,,,,10000000001111010101010100100011,GooglePixel3A_V
ce:4d:be:58:18:a3,00000000,00000000,,00000001,00000100,00000010000001000000101100010110,00110010,00001000,0000110000010010000110000010010000110000010010000110000001101100,00000011,00000001,00001101,,,,,,,,,,11011101,00000111,00000000010100001111001000001000000000000010011100000000,,,,01101001010100110000110000111110,GooglePixel3A_V
56:35:d4:8b:a6:66,00000000,00000000,,00000001,00000100,00000010000001000000101100010110,00110010,00001000,0000110000010010000110000010010000110000010010000110000001101100,00000011,00000001,00000001,,,,,,,,,,11011101,00000111,00000000010100001111001000001000000000000010011100000000,,,,11111001110100110111010011000101,GooglePixel3A_V
56:35:d4:8b:a6:66,00000000,00000000,,00000001,00000100,00000010000001000000101100010110,00110010,00001000,0000110000010010000110000010010000110000010010000110000001101100,00000011,00000001,00000001,,,,,,,,,,11011101,00000111,00000000010100001111001000001000000000000010011100000000,,,,01100110110110111111101010010111,GooglePixel3A_V
56:35:d4:8b:a6:66,00000000,00000000,,00000001,00000100,00000010000001000000101100010110,00110010,00001000,0000110000010010000110000010010000110000010010000110000001101100,00000011,00000001,00000010,,,,,,,,,,11011101,00000111,00000000010100001111001000001000000000000010011100000000,,,,10001100000011101001010001100001,GooglePixel3A_V
56:35:d4:8b:a6:66,00000000,00000000,,00000001,00000100,00000010000001000000101100010110,00110010,00001000,0000110000010010000110000010010000110000010010000110000001101100,00000011,00000001,00000010,,,,,,,,,,11011101,00000111,00000000010100001111001000001000000000000010011100000000,,,,10110111101111010111111101000110,GooglePixel3A_V
56:35:d4:8b:a6:66,00000000,00000000,,00000001,00000100,00000010000001000000101100010110,00110010,00001000,0000110000010010000110000010010000110000010010000110000001101100,00000011,00000001,00000011,,,,,,,,,,11011101,00000111,00000000010100001111001000001000000000000010011100000000,,,,01100000101110001110010010110100,GooglePixel3A_V
56:35:d4:8b:a6:66,00000000,00000000,,00000001,00000100,00000010000001000000101100010110,00110010,00001000,0000110000010010000110000010010000110000010010000110000001101100,00000011,00000001,00000011,,,,,,,,,,11011101,00000111,00000000010100001111001000001000000000000010011100000000,,,,10000000010111010001011000100100,GooglePixel3A_V
56:35:d4:8b:a6:66,00000000,00000000,,00000001,00000100,00000010000001000000101100010110,00110010,00001000,0000110000010010000110000010010000110000010010000110000001101100,00000011,00000001,00000011,,,,,,,,,,11011101,00000111,00000000010100001111001000001000000000000010011100000000,,,,10000000010111010001011000100100,GooglePixel3A_V
56:35:d4:8b:a6:66,00000000,00000000,,00000001,00000100,00000010000001000000101100010110,00110010,00001000,0000110000010010000110000010010000110000010010000110000001101100,00000011,00000001,00000101,,,,,,,,,,11011101,00000111,00000000010100001111001000001000000000000010011100000000,,,,01100011100101100110110101011100,GooglePixel3A_V
56:35:d4:8b:a6:66,00000000,00000000,,00000001,00000100,00000010000001000000101100010110,00110010,00001000,0000110000010010000110000010010000110000010010000110000001101100,00000011,00000001,00000110,,,,,,,,,,11011101,00000111,00000000010100001111001000001000000000000010011100000000,,,,10001001010000110000001110101010,GooglePixel3A_V
56:35:d4:8b:a6:66,00000000,00000000,,00000001,00000100,00000010000001000000101100010110,00110010,00001000,0000110000010010000110000010010000110000010010000110000001101100,00000011,00000001,00000110,,,,,,,,,,11011101,00000111,00000000010100001111001000001000000000000010011100000000,,,,10001001010000110000001110101010,GooglePixel3A_V
56:35:d4:8b:a6:66,00000000,00000000,,00000001,00000100,00000010000001000000101100010110,00110010,00001000,0000110000010010000110000010010000110000010010000110000001101100,00000011,00000001,00000110,,,,,,,,,,11011101,00000111,00000000010100001111001000001000000000000010011100000000,,,,00001000000000000010011100000000,GooglePixel3A_V
56:35:d4:8b:a6:66,00000000,00000000,,00000001,00000100,00000010000001000000101100010110,00110010,00001000,0000110000010010000110000010010000110000010010000110000001101100,00000011,00000001,00001001,,,,,,,,,,11011101,00000111,00000000010100001111001000001000000000000010011100000000,,,,00111010000010010001010011111110,GooglePixel3A_V
56:35:d4:8b:a6:66,00000000,00000000,,00000001,00000100,00000010000001000000101100010110,00110010,00001000,0000110000010010000110000010010000110000010010000110000001101100,00000011,00000001,00001010,,,,,,,,,,11011101,00000111,00000000010100001111001000001000000000000010011100000000,,,,01001111110101001111010001011010,GooglePixel3A_V
56:35:d4:8b:a6:66,00000000,00000000,,00000001,00000100,00000010000001000000101100010110,00110010,00001000,0000110000010010000110000010010000110000010010000110000001101100,00000011,00000001,00001010,,,,,,,,,,11011101,00000111,00000000010100001111001000001000000000000010011100000000,,,,01110100011001110001111101111101,GooglePixel3A_V
56:35:d4:8b:a6:66,00000000,00000000,,00000001,00000100,00000010000001000000101100010110,00110010,00001000,0000110000010010000110000010010000110000010010000110000001101100,00000011,00000001,00001011,,,,,,,,,,11011101,00000111,00000000010100001111001000001000000000000010011100000000,,,,10100011011000101000010010001111,GooglePixel3A_V
56:35:d4:8b:a6:66,00000000,00000000,,00000001,00000100,00000010000001000000101100010110,00110010,00001000,0000110000010010000110000010010000110000010010000110000001101100,00000011,00000001,00001011,,,,,,,,,,11011101,00000111,00000000010100001111001000001000000000000010011100000000,,,,10100101111101010010011000111001,GooglePixel3A_V
56:35:d4:8b:a6:66,00000000,00000000,,00000001,00000100,00000010000001000000101100010110,00110010,00001000,0000110000010010000110000010010000110000010010000110000001101100,00000011,00000001,00001100,,,,,,,,,,11011101,00000111,00000000010100001111001000001000000000000010011100000000,,,,00110101100000001010001111000110,GooglePixel3A_V
56:35:d4:8b:a6:66,00000000,00000000,,00000001,00000100,00000010000001000000101100010110,00110010,00001000,0000110000010010000110000010010000110000010010000110000001101100,00000011,00000001,00001100,,,,,,,,,,11011101,00000111,00000000010100001111001000001000000000000010011100000000,,,,00001110001100110100100011100001,GooglePixel3A_V
56:35:d4:8b:a6:66,00000000,00000000,,00000001,00000100,00000010000001000000101100010110,00110010,00001000,0000110000010010000110000010010000110000010010000110000001101100,00000011,00000001,00001101,,,,,,,,,,11011101,00000111,00000000010100001111001000001000000000000010011100000000,,,,11011001001101101101001100010011,GooglePixel3A_V
56:35:d4:8b:a6:66,00000000,00000000,,00000001,00000100,00000010000001000000101100010110,00110010,00001000,0000110000010010000110000010010000110000010010000110000001101100,00000011,00000001,00001101,,,,,,,,,,11011101,00000111,00000000010100001111001000001000000000000010011100000000,,,,01000110001111100101110101000001,GooglePixel3A_V
aa:b2:28:5c:12:a1,00000000,00000000,,00000001,00000100,00000010000001000000101100010110,00110010,00001000,0000110000010010000110000010010000110000010010000110000001101100,00000011,00000001,00000001,,,,,,,,,,11011101,00000111,01010000011011111001101000010110000000110000000100000010,,,,01100010011110000111110111011011,GooglePixel3A_V
aa:b2:28:5c:12:a1,00000000,00000000,,00000001,00000100,00000010000001000000101100010110,00110010,00001000,0000110000010010000110000010010000110000010010000110000001101100,00000011,00000001,00000010,,,,,,,,,,11011101,00000111,01010000011011111001101000010110000000110000000100000010,,,,10001000101011010001001100101101,GooglePixel3A_V
aa:b2:28:5c:12:a1,00000000,00000000,,00000001,00000100,00000010000001000000101100010110,00110010,00001000,0000110000010010000110000010010000110000010010000110000001101100,00000011,00000001,00000011,,,,,,,,,,11011101,00000111,01010000011011111001101000010110000000110000000100000010,,,,00101001110011100101111110010000,GooglePixel3A_V
aa:b2:28:5c:12:a1,00000000,00000000,,00000001,00000100,00000010000001000000101100010110,00110010,00001000,0000110000010010000110000010010000110000010010000110000001101100,00000011,00000001,00000110,,,,,,,,,,11011101,00000111,01010000011011111001101000010110000000110000000100000010,,,,01010110101101101001110101010001,GooglePixel3A_V
aa:b2:28:5c:12:a1,00000000,00000000,,00000001,00000100,00000010000001000000101100010110,00110010,00001000,0000110000010010000110000010010000110000010010000110000001101100,00000011,00000001,00000110,,,,,,,,,,11011101,00000111,01010000011011111001101000010110000000110000000100000010,,,,00010110000000110000000100000010,GooglePixel3A_V
aa:b2:28:5c:12:a1,00000000,00000000,,00000001,00000100,00000010000001000000101100010110,00110010,00001000,0000110000010010000110000010010000110000010010000110000001101100,00000011,00000001,00001001,,,,,,,,,,11011101,00000111,01010000011011111001101000010110000000110000000100000010,,,,11100101111111001000101000000101,GooglePixel3A_V
aa:b2:28:5c:12:a1,00000000,00000000,,00000001,00000100,00000010000001000000101100010110,00110010,00001000,0000110000010010000110000010010000110000010010000110000001101100,00000011,00000001,00001010,,,,,,,,,,11011101,00000111,01010000011011111001101000010110000000110000000100000010,,,,11011101111101000101011011001001,GooglePixel3A_V
aa:b2:28:5c:12:a1,00000000,00000000,,00000001,00000100,00000010000001000000101100010110,00110010,00001000,0000110000010010000110000010010000110000010010000110000001101100,00000011,00000001,00001011,,,,,,,,,,11011101,00000111,01010000011011111001101000010110000000110000000100000010,,,,00001010111100011100110100111011,GooglePixel3A_V
aa:b2:28:5c:12:a1,00000000,00000000,,00000001,00000100,00000010000001000000101100010110,00110010,00001000,0000110000010010000110000010010000110000010010000110000001101100,00000011,00000001,00001100,,,,,,,,,,11011101,00000111,01010000011011111001101000010110000000110000000100000010,,,,11101100111000101001111110001011,GooglePixel3A_V
aa:b2:28:5c:12:a1,00000000,00000000,,00000001,00000100,00000010000001000000101100010110,00110010,00001000,0000110000010010000110000010010000110000010010000110000001101100,00000011,00000001,00001101,,,,,,,,,,11011101,00000111,01010000011011111001101000010110000000110000000100000010,,,,00111011111001110000010001111001,GooglePixel3A_V
4a:24:19:20:b1:12,00000000,00000000,,00000001,00000100,00000010000001000000101100010110,00110010,00001000,0000110000010010000110000010010000110000010010000110000001101100,00000011,00000001,00000001,,,,,,,,,,11011101,00000111,01010000011011111001101000010110000000110000000100000010,,,,10000111001111011011011000111100,GooglePixel3A_V
4a:24:19:20:b1:12,00000000,00000000,,00000001,00000100,00000010000001000000101100010110,00110010,00001000,0000110000010010000110000010010000110000010010000110000001101100,00000011,00000001,00000010,,,,,,,,,,11011101,00000111,01010000011011111001101000010110000000110000000100000010,,,,00011011100011100000111110000101,GooglePixel3A_V
4a:24:19:20:b1:12,00000000,00000000,,00000001,00000100,00000010000001000000101100010110,00110010,00001000,0000110000010010000110000010010000110000010010000110000001101100,00000011,00000001,00000011,,,,,,,,,,11011101,00000111,01010000011011111001101000010110000000110000000100000010,,,,11001100100010111001010001110111,GooglePixel3A_V
4a:24:19:20:b1:12,00000000,00000000,,00000001,00000100,00000010000001000000101100010110,00110010,00001000,0000110000010010000110000010010000110000010010000110000001101100,00000011,00000001,00000110,,,,,,,,,,11011101,00000111,01010000011011111001101000010110000000110000000100000010,,,,10001101111000100100101000010011,GooglePixel3A_V
4a:24:19:20:b1:12,00000000,00000000,,00000001,00000100,00000010000001000000101100010110,00110010,00001000,0000110000010010000110000010010000110000010010000110000001101100,00000011,00000001,00001001,,,,,,,,,,11011101,00000111,01010000011011111001101000010110000000110000000100000010,,,,11010010011001001111001111011000,GooglePixel3A_V
4a:24:19:20:b1:12,00000000,00000000,,00000001,00000100,00000010000001000000101100010110,00110010,00001000,0000110000010010000110000010010000110000010010000110000001101100,00000011,00000001,00001010,,,,,,,,,,11011101,00000111,01010000011011111001101000010110000000110000000100000010,,,,00111000101100011001110100101110,GooglePixel3A_V
4a:24:19:20:b1:12,00000000,00000000,,00000001,00000100,00000010000001000000101100010110,00110010,00001000,0000110000010010000110000010010000110000010010000110000001101100,00000011,00000001,00001011,,,,,,,,,,11011101,00000111,01010000011011111001101000010110000000110000000100000010,,,,10011001110100101101000110010011,GooglePixel3A_V
4a:24:19:20:b1:12,00000000,00000000,,00000001,00000100,00000010000001000000101100010110,00110010,00001000,0000110000010010000110000010010000110000010010000110000001101100,00000011,00000001,00001100,,,,,,,,,,11011101,00000111,01010000011011111001101000010110000000110000000100000010,,,,00001001101001110101010001101100,GooglePixel3A_V
4a:24:19:20:b1:12,00000000,00000000,,00000001,00000100,00000010000001000000101100010110,00110010,00001000,0000110000010010000110000010010000110000010010000110000001101100,00000011,00000001,00001101,,,,,,,,,,11011101,00000111,01010000011011111001101000010110000000110000000100000010,,,,00001100011111110111110110100100,GooglePixel3A_V
2a:00:c9:57:e4:c4,00000000,00000000,,00000001,00000100,00000010000001000000101100010110,00110010,00001000,0000110000010010000110000010010000110000010010000110000001101100,00000011,00000001,00000001,,,,,,,,,,11011101,00000111,01010000011011111001101000010110000000110000000100000010,,,,11011101000111011101111000110101,GooglePixel3A_V
2a:00:c9:57:e4:c4,00000000,00000000,,00000001,00000100,00000010000001000000101100010110,00110010,00001000,0000110000010010000110000010010000110000010010000110000001101100,00000011,00000001,00000011,,,,,,,,,,11011101,00000111,01010000011011111001101000010110000000110000000100000010,,,,00110010000100001001100100001011,GooglePixel3A_V
2a:00:c9:57:e4:c4,00000000,00000000,,00000001,00000100,00000010000001000000101100010110,00110010,00001000,0000110000010010000110000010010000110000010010000110000001101100,00000011,00000001,00000110,,,,,,,,,,11011101,00000111,01010000011011111001101000010110000000110000000100000010,,,,00010110000000110000000100000010,GooglePixel3A_V
2a:00:c9:57:e4:c4,00000000,00000000,,00000001,00000100,00000010000001000000101100010110,00110010,00001000,0000110000010010000110000010010000110000010010000110000001101100,00000011,00000001,00001010,,,,,,,,,,11011101,00000111,01010000011011111001101000010110000000110000000100000010,,,,01100010100100011111010100100111,GooglePixel3A_V
2a:00:c9:57:e4:c4,00000000,00000000,,00000001,00000100,00000010000001000000101100010110,00110010,00001000,0000110000010010000110000010010000110000010010000110000001101100,00000011,00000001,00001011,,,,,,,,,,11011101,00000111,01010000011011111001101000010110000000110000000100000010,,,,01100111010010011101110011101111,GooglePixel3A_V
2a:00:c9:57:e4:c4,00000000,00000000,,00000001,00000100,00000010000001000000101100010110,00110010,00001000,0000110000010010000110000010010000110000010010000110000001101100,00000011,00000001,00001100,,,,,,,,,,11011101,00000111,01010000011011111001101000010110000000110000000100000010,,,,11110111001111000101100100010000,GooglePixel3A_V
2a:00:c9:57:e4:c4,00000000,00000000,,00000001,00000100,00000010000001000000101100010110,00110010,00001000,0000110000010010000110000010010000110000010010000110000001101100,00000011,00000001,00001101,,,,,,,,,,11011101,00000111,01010000011011111001101000010110000000110000000100000010,,,,11001111110000000011100101001001,GooglePixel3A_V
36:dd:c8:6b:14:0a,00000000,00000000,,00000001,00000100,00000010000001000000101100010110,00110010,00001000,0000110000010010000110000010010000110000010010000110000001101100,00000011,00000001,00000001,,,,,,,,,,11011101,00000111,01010000011011111001101000010110000000110000000100000010,,,,01111110101001010000010000100010,GooglePixel3A_V
36:dd:c8:6b:14:0a,00000000,00000000,,00000001,00000100,00000010000001000000101100010110,00110010,00001000,0000110000010010000110000010010000110000010010000110000001101100,00000011,00000001,00000010,,,,,,,,,,11011101,00000111,01010000011011111001101000010110000000110000000100000010,,,,10010100011100000110101011010100,GooglePixel3A_V
36:dd:c8:6b:14:0a,00000000,00000000,,00000001,00000100,00000010000001000000101100010110,00110010,00001000,0000110000010010000110000010010000110000010010000110000001101100,00000011,00000001,00000011,,,,,,,,,,11011101,00000111,01010000011011111001101000010110000000110000000100000010,,,,00110101000100110010011001101001,GooglePixel3A_V
36:dd:c8:6b:14:0a,00000000,00000000,,00000001,00000100,00000010000001000000101100010110,00110010,00001000,0000110000010010000110000010010000110000010010000110000001101100,00000011,00000001,00000011,,,,,,,,,,11011101,00000111,01010000011011111001101000010110000000110000000100000010,,,,00010110000000110000000100000010,GooglePixel3A_V
36:dd:c8:6b:14:0a,00000000,00000000,,00000001,00000100,00000010000001000000101100010110,00110010,00001000,0000110000010010000110000010010000110000010010000110000001101100,00000011,00000001,00001001,,,,,,,,,,11011101,00000111,01010000011011111001101000010110000000110000000100000010,,,,00101000110010010001010011110010,GooglePixel3A_V
36:dd:c8:6b:14:0a,00000000,00000000,,00000001,00000100,00000010000001000000101100010110,00110010,00001000,0000110000010010000110000010010000110000010010000110000001101100,00000011,00000001,00001010,,,,,,,,,,11011101,00000111,01010000011011111001101000010110000000110000000100000010,,,,00010000110000011100100000111110,GooglePixel3A_V
36:dd:c8:6b:14:0a,00000000,00000000,,00000001,00000100,00000010000001000000101100010110,00110010,00001000,0000110000010010000110000010010000110000010010000110000001101100,00000011,00000001,00001011,,,,,,,,,,11011101,00000111,01010000011011111001101000010110000000110000000100000010,,,,11000111110001000101001111001100,GooglePixel3A_V
36:dd:c8:6b:14:0a,00000000,00000000,,00000001,00000100,00000010000001000000101100010110,00110010,00001000,0000110000010010000110000010010000110000010010000110000001101100,00000011,00000001,00001100,,,,,,,,,,11011101,00000111,01010000011011111001101000010110000000110000000100000010,,,,00100001110101110000000101111100,GooglePixel3A_V
36:dd:c8:6b:14:0a,00000000,00000000,,00000001,00000100,00000010000001000000101100010110,00110010,00001000,0000110000010010000110000010010000110000010010000110000001101100,00000011,00000001,00001101,,,,,,,,,,11011101,00000111,01010000011011111001101000010110000000110000000100000010,,,,11110110110100101001101010001110,GooglePixel3A_V
ce:ab:20:cc:82:05,00000000,00000000,,00000001,00000100,00000010000001000000101100010110,00110010,00001000,0000110000010010000110000010010000110000010010000110000001101100,00000011,00000001,00000001,,,,,,,,,,11011101,00000111,01010000011011111001101000010110000000110000000100000010,,,,00110010110100001011010101110101,GooglePixel3A_V
ce:ab:20:cc:82:05,00000000,00000000,,00000001,00000100,00000010000001000000101100010110,00110010,00001000,0000110000010010000110000010010000110000010010000110000001101100,00000011,00000001,00000010,,,,,,,,,,11011101,00000111,01010000011011111001101000010110000000110000000100000010,,,,00001010110110000110100110111001,GooglePixel3A_V
ce:ab:20:cc:82:05,00000000,00000000,,00000001,00000100,00000010000001000000101100010110,00110010,00001000,0000110000010010000110000010010000110000010010000110000001101100,00000011,00000001,00000011,,,,,,,,,,11011101,00000111,01010000011011111001101000010110000000110000000100000010,,,,11011101110111011111001001001011,GooglePixel3A_V
ce:ab:20:cc:82:05,00000000,00000000,,00000001,00000100,00000010000001000000101100010110,00110010,00001000,0000110000010010000110000010010000110000010010000110000001101100,00000011,00000001,00001001,,,,,,,,,,11011101,00000111,01010000011011111001101000010110000000110000000100000010,,,,01100111100010011111000010010001,GooglePixel3A_V
ce:ab:20:cc:82:05,00000000,00000000,,00000001,00000100,00000010000001000000101100010110,00110010,00001000,0000110000010010000110000010010000110000010010000110000001101100,00000011,00000001,00001010,,,,,,,,,,11011101,00000111,01010000011011111001101000010110000000110000000100000010,,,,10001101010111001001111001100111,GooglePixel3A_V
ce:ab:20:cc:82:05,00000000,00000000,,00000001,00000100,00000010000001000000101100010110,00110010,00001000,0000110000010010000110000010010000110000010010000110000001101100,00000011,00000001,00001011,,,,,,,,,,11011101,00000111,01010000011011111001101000010110000000110000000100000010,,,,10001000100001001011011110101111,GooglePixel3A_V
ce:ab:20:cc:82:05,00000000,00000000,,00000001,00000100,00000010000001000000101100010110,00110010,00001000,0000110000010010000110000010010000110000010010000110000001101100,00000011,00000001,00001100,,,,,,,,,,11011101,00000111,01010000011011111001101000010110000000110000000100000010,,,,00011000111100010011001001010000,GooglePixel3A_V
ce:ab:20:cc:82:05,00000000,00000000,,00000001,00000100,00000010000001000000101100010110,00110010,00001000,0000110000010010000110000010010000110000010010000110000001101100,00000011,00000001,00001101,,,,,,,,,,11011101,00000111,01010000011011111001101000010110000000110000000100000010,,,,11111101100100001101011110111110,GooglePixel3A_V
3a:d9:01:8b:83:06,00000000,00000000,,00000001,00000100,00000010000001000000101100010110,00110010,00001000,0000110000010010000110000010010000110000010010000110000001101100,00000011,00000001,00000001,,,,,,,,,,11011101,00000111,01010000011011111001101000010110000000110000000100000010,,,,01010101101110111010000010010111,GooglePixel3A_V
3a:d9:01:8b:83:06,00000000,00000000,,00000001,00000100,00000010000001000000101100010110,00110010,00001000,0000110000010010000110000010010000110000010010000110000001101100,00000011,00000001,00000010,,,,,,,,,,11011101,00000111,01010000011011111001101000010110000000110000000100000010,,,,01101101101100110111110001011011,GooglePixel3A_V
3a:d9:01:8b:83:06,00000000,00000000,,00000001,00000100,00000010000001000000101100010110,00110010,00001000,0000110000010010000110000010010000110000010010000110000001101100,00000011,00000001,00000011,,,,,,,,,,11011101,00000111,01010000011011111001101000010110000000110000000100000010,,,,10111010101101101110011110101001,GooglePixel3A_V
3a:d9:01:8b:83:06,00000000,00000000,,00000001,00000100,00000010000001000000101100010110,00110010,00001000,0000110000010010000110000010010000110000010010000110000001101100,00000011,00000001,00000110,,,,,,,,,,11011101,00000111,01010000011011111001101000010110000000110000000100000010,,,,00101010001101111101111011000011,GooglePixel3A_V
3a:d9:01:8b:83:06,00000000,00000000,,00000001,00000100,00000010000001000000101100010110,00110010,00001000,0000110000010010000110000010010000110000010010000110000001101100,00000011,00000001,00001001,,,,,,,,,,11011101,00000111,01010000011011111001101000010110000000110000000100000010,,,,11010001000010100000001001111101,GooglePixel3A_V
3a:d9:01:8b:83:06,00000000,00000000,,00000001,00000100,00000010000001000000101100010110,00110010,00001000,0000110000010010000110000010010000110000010010000110000001101100,00000011,00000001,00001010,,,,,,,,,,11011101,00000111,01010000011011111001101000010110000000110000000100000010,,,,00111011110111110110110010001011,GooglePixel3A_V
3a:d9:01:8b:83:06,00000000,00000000,,00000001,00000100,00000010000001000000101100010110,00110010,00001000,0000110000010010000110000010010000110000010010000110000001101100,00000011,00000001,00001011,,,,,,,,,,11011101,00000111,01010000011011111001101000010110000000110000000100000010,,,,00111110000001110100010101000011,GooglePixel3A_V
3a:d9:01:8b:83:06,00000000,00000000,,00000001,00000100,00000010000001000000101100010110,00110010,00001000,0000110000010010000110000010010000110000010010000110000001101100,00000011,00000001,00001101,,,,,,,,,,11011101,00000111,01010000011011111001101000010110000000110000000100000010,,,,01000111011001100100011111101011,GooglePixel3A_V
3a:a0:40:40:a4:7f,00000000,00000000,,00000001,00000100,00000010000001000000101100010110,00110010,00001000,0000110000010010000110000010010000110000010010000110000001101100,00000011,00000001,00000001,,,,,,,,,,11011101,00000111,01010000011011111001101000010110000000110000000100000010,,,,11100100010010100000101100111100,GooglePixel3A_V
3a:a0:40:40:a4:7f,00000000,00000000,,00000001,00000100,00000010000001000000101100010110,00110010,00001000,0000110000010010000110000010010000110000010010000110000001101100,00000011,00000001,00000010,,,,,,,,,,11011101,00000111,01010000011011111001101000010110000000110000000100000010,,,,01111000111110011011001010000101,GooglePixel3A_V
3a:a0:40:40:a4:7f,00000000,00000000,,00000001,00000100,00000010000001000000101100010110,00110010,00001000,0000110000010010000110000010010000110000010010000110000001101100,00000011,00000001,00000011,,,,,,,,,,11011101,00000111,01010000011011111001101000010110000000110000000100000010,,,,10101111111111000010100101110111,GooglePixel3A_V
3a:a0:40:40:a4:7f,00000000,00000000,,00000001,00000100,00000010000001000000101100010110,00110010,00001000,0000110000010010000110000010010000110000010010000110000001101100,00000011,00000001,00000101,,,,,,,,,,11011101,00000111,01010000011011111001101000010110000000110000000100000010,,,,00010110000000110000000100000010,GooglePixel3A_V
3a:a0:40:40:a4:7f,00000000,00000000,,00000001,00000100,00000010000001000000101100010110,00110010,00001000,0000110000010010000110000010010000110000010010000110000001101100,00000011,00000001,00000110,,,,,,,,,,11011101,00000111,01010000011011111001101000010110000000110000000100000010,,,,00010110000000110000000100000010,GooglePixel3A_V
3a:a0:40:40:a4:7f,00000000,00000000,,00000001,00000100,00000010000001000000101100010110,00110010,00001000,0000110000010010000110000010010000110000010010000110000001101100,00000011,00000001,00001001,,,,,,,,,,11011101,00000111,01010000011011111001101000010110000000110000000100000010,,,,11000010001010100110011011001011,GooglePixel3A_V
3a:a0:40:40:a4:7f,00000000,00000000,,00000001,00000100,00000010000001000000101100010110,00110010,00001000,0000110000010010000110000010010000110000010010000110000001101100,00000011,00000001,00001010,,,,,,,,,,11011101,00000111,01010000011011111001101000010110000000110000000100000010,,,,00101000111111110000100000111101,GooglePixel3A_V
3a:a0:40:40:a4:7f,00000000,00000000,,00000001,00000100,00000010000001000000101100010110,00110010,00001000,0000110000010010000110000010010000110000010010000110000001101100,00000011,00000001,00001011,,,,,,,,,,11011101,00000111,01010000011011111001101000010110000000110000000100000010,,,,10001001100111000100010010000000,GooglePixel3A_V
3a:a0:40:40:a4:7f,00000000,00000000,,00000001,00000100,00000010000001000000101100010110,00110010,00001000,0000110000010010000110000010010000110000010010000110000001101100,00000011,00000001,00001100,,,,,,,,,,11011101,00000111,01010000011011111001101000010110000000110000000100000010,,,,00011001111010011100000101111111,GooglePixel3A_V
3a:a0:40:40:a4:7f,00000000,00000000,,00000001,00000100,00000010000001000000101100010110,00110010,00001000,0000110000010010000110000010010000110000010010000110000001101100,00000011,00000001,00001101,,,,,,,,,,11011101,00000111,01010000011011111001101000010110000000110000000100000010,,,,00011100001100011110100010110111,GooglePixel3A_V
ea:82:7f:89:cc:08,00000000,00000000,,00000001,00000100,00000010000001000000101100010110,00110010,00001000,0000110000010010000110000010010000110000010010000110000001101100,00000011,00000001,00000001,,,,,,,,,,11011101,00000111,01010000011011111001101000010110000000110000000100000010,,,,01010000110010101101010101110111,GooglePixel3A_V
ea:82:7f:89:cc:08,00000000,00000000,,00000001,00000100,00000010000001000000101100010110,00110010,00001000,0000110000010010000110000010010000110000010010000110000001101100,00000011,00000001,00000010,,,,,,,,,,11011101,00000111,01010000011011111001101000010110000000110000000100000010,,,,10111010000111111011101110000001,GooglePixel3A_V
ea:82:7f:89:cc:08,00000000,00000000,,00000001,00000100,00000010000001000000101100010110,00110010,00001000,0000110000010010000110000010010000110000010010000110000001101100,00000011,00000001,00000011,,,,,,,,,,11011101,00000111,01010000011011111001101000010110000000110000000100000010,,,,10111111110001111001001001001001,GooglePixel3A_V
ea:82:7f:89:cc:08,00000000,00000000,,00000001,00000100,00000010000001000000101100010110,00110010,00001000,0000110000010010000110000010010000110000010010000110000001101100,00000011,00000001,00000110,,,,,,,,,,11011101,00000111,01010000011011111001101000010110000000110000000100000010,,,,01011111010010101101011000000100,GooglePixel3A_V
ea:82:7f:89:cc:08,00000000,00000000,,00000001,00000100,00000010000001000000101100010110,00110010,00001000,0000110000010010000110000010010000110000010010000110000001101100,00000011,00000001,00001001,,,,,,,,,,11011101,00000111,01010000011011111001101000010110000000110000000100000010,,,,00000000110011000110111111001111,GooglePixel3A_V
ea:82:7f:89:cc:08,00000000,00000000,,00000001,00000100,00000010000001000000101100010110,00110010,00001000,0000110000010010000110000010010000110000010010000110000001101100,00000011,00000001,00001010,,,,,,,,,,11011101,00000111,01010000011011111001101000010110000000110000000100000010,,,,10011100011111111101011001110110,GooglePixel3A_V
ea:82:7f:89:cc:08,00000000,00000000,,00000001,00000100,00000010000001000000101100010110,00110010,00001000,0000110000010010000110000010010000110000010010000110000001101100,00000011,00000001,00001011,,,,,,,,,,11011101,00000111,01010000011011111001101000010110000000110000000100000010,,,,01001011011110100100110110000100,GooglePixel3A_V
ea:82:7f:89:cc:08,00000000,00000000,,00000001,00000100,00000010000001000000101100010110,00110010,00001000,0000110000010010000110000010010000110000010010000110000001101100,00000011,00000001,00001100,,,,,,,,,,11011101,00000111,01010000011011111001101000010110000000110000000100000010,,,,00001001110100100111101001000001,GooglePixel3A_V
ea:82:7f:89:cc:08,00000000,00000000,,00000001,00000100,00000010000001000000101100010110,00110010,00001000,0000110000010010000110000010010000110000010010000110000001101100,00000011,00000001,00001101,,,,,,,,,,11011101,00000111,01010000011011111001101000010110000000110000000100000010,,,,11011110110101111110000110110011,GooglePixel3A_V
