mac,e_id_ssid,len_ssid,ssid,e_id_sup_rates,len_sup_rates,supported_rates,e_id_ext_sup_rates,len_ext_sup_rates,ext_sup_rates,e_id_dsss,len_dsss,dsss_parameter,e_id_ht_cap,len_ht_cap,ht_cap,e_id_vht_cap,len_vht_cap,vht_cap,e_id_ext_cap,len_ext_cap,ext_cap,e_id_vst,len_vst,vst,e_id_ext_tags,len_ext_tags,ext_tags,frame_check_seq,label
56:76:96:fe:e3:51,00000000,00000000,,00000001,00000100,00000010000001000000101100010110,00110010,00001000,0000110000010010000110000010010000110000010010000110000001101100,00000011,00000001,00000001,00101101,00011010,0010110100000000000101111111111100000000000000000000000000000000000000000000000000000000000000000000000000000000000000000000000000000000000000000000000000000000000000000000000000000000000000000000000000000000,,,,01111111,00001000,0000000000000000000010000000000000000000000000000000000001000000,,,,,,,11010000011011101110010101010000,iPhoneXR_U
56:76:96:fe:e3:51,00000000,00000000,,00000001,00000100,00000010000001000000101100010110,00110010,00001000,0000110000010010000110000010010000110000010010000110000001101100,00000011,00000001,00001011,00101101,00011010,0010110100000000000101111111111100000000000000000000000000000000000000000000000000000000000000000000000000000000000000000000000000000000000000000000000000000000000000000000000000000000000000000000000000000000,,,,01111111,00001000,0000000000000000000010000000000000000000000000000000000001000000,,,,,,,10100000101111010111110001101101,iPhoneXR_U
f2:e7:86:51:24:57,00000000,00000000,,00000001,00000100,00000010000001000000101100010110,00110010,00001000,0000110000010010000110000010010000110000010010000110000001101100,00000011,00000001,00000001,00101101,00011010,0010110100000000000101111111111100000000000000000000000000000000000000000000000000000000000000000000000000000000000000000000000000000000000000000000000000000000000000000000000000000000000000000000000000000000,,,,01111111,00001000,0000000000000000000010000000000000000000000000000000000001000000,,,,,,,00011110010110111110000000001000,iPhoneXR_U
f2:e7:86:51:24:57,00000000,00000000,,00000001,00000100,00000010000001000000101100010110,00110010,00001000,0000110000010010000110000010010000110000010010000110000001101100,00000011,00000001,00001011,00101101,00011010,0010110100000000000101111111111100000000000000000000000000000000000000000000000000000000000000000000000000000000000000000000000000000000000000000000000000000000000000000000000000000000000000000000000000000000,,,,01111111,00001000,0000000000000000000010000000000000000000000000000000000001000000,,,,,,,01101110100010000111100100110101,iPhoneXR_U
5a:92:46:6a:3a:e7,00000000,00000000,,00000001,00000100,00000010000001000000101100010110,00110010,00001000,0000110000010010000110000010010000110000010010000110000001101100,00000011,00000001,00000001,00101101,00011010,0010110100000000000101111111111100000000000000000000000000000000000000000000000000000000000000000000000000000000000000000000000000000000000000000000000000000000000000000000000000000000000000000000000000000000,,,,01111111,00001000,0000000000000000000010000000000000000000000000000000000001000000,,,,,,,11101101010011111001101101001000,iPhoneXR_U
5a:92:46:6a:3a:e7,00000000,00000000,,00000001,00000100,00000010000001000000101100010110,00110010,00001000,0000110000010010000110000010010000110000010010000110000001101100,00000011,00000001,00000110,00101101,00011010,0010110100000000000101111111111100000000000000000000000000000000000000000000000000000000000000000000000000000000000000000000000000000000000000000000000000000000000000000000000000000000000000000000000000000000,,,,01111111,00001000,0000000000000000000010000000000000000000000000000000000001000000,,,,,,,00000000000000000000000001000000,iPhoneXR_U
5a:92:46:6a:3a:e7,00000000,00000000,,00000001,00000100,00000010000001000000101100010110,00110010,00001000,0000110000010010000110000010010000110000010010000110000001101100,00000011,00000001,00001011,00101101,00011010,0010110100000000000101111111111100000000000000000000000000000000000000000000000000000000000000000000000000000000000000000000000000000000000000000000000000000000000000000000000000000000000000000000000000000000,,,,01111111,00001000,0000000000000000000010000000000000000000000000000000000001000000,,,,,,,10001110101111011101001011011100,iPhoneXR_U
42:f5:e1:46:af:ab,00000000,00000000,,00000001,00000100,00000010000001000000101100010110,00110010,00001000,0000110000010010000110000010010000110000010010000110000001101100,00000011,00000001,00000001,00101101,00011010,0010110100000000000101111111111100000000000000000000000000000000000000000000000000000000000000000000000000000000000000000000000000000000000000000000000000000000000000000000000000000000000000000000000000000000,,,,01111111,00001000,0000000000000000000010000000000000000000000000000000000001000000,,,,,,,11110000111010000110101100000000,iPhoneXR_U
42:f5:e1:46:af:ab,00000000,00000000,,00000001,00000100,00000010000001000000101100010110,00110010,00001000,0000110000010010000110000010010000110000010010000110000001101100,00000011,00000001,00001011,00101101,00011010,0010110100000000000101111111111100000000000000000000000000000000000000000000000000000000000000000000000000000000000000000000000000000000000000000000000000000000000000000000000000000000000000000000000000000000,,,,01111111,00001000,0000000000000000000010000000000000000000000000000000000001000000,,,,,,,10000000001110111111001000111101,iPhoneXR_U
5e:35:81:38:cd:a5,00000000,00000000,,00000001,00000100,00000010000001000000101100010110,00110010,00001000,0000110000010010000110000010010000110000010010000110000001101100,00000011,00000001,00000001,00101101,00011010,0010110100000000000101111111111100000000000000000000000000000000000000000000000000000000000000000000000000000000000000000000000000000000000000000000000000000000000000000000000000000000000000000000000000000000,,,,01111111,00001000,0000000000000000000010000000000000000000000000000000000001000000,,,,,,,10101111010001001111110101101100,iPhoneXR_U
5e:35:81:38:cd:a5,00000000,00000000,,00000001,00000100,00000010000001000000101100010110,00110010,00001000,0000110000010010000110000010010000110000010010000110000001101100,00000011,00000001,00001011,00101101,00011010,0010110100000000000101111111111100000000000000000000000000000000000000000000000000000000000000000000000000000000000000000000000000000000000000000000000000000000000000000000000000000000000000000000000000000000,,,,01111111,00001000,0000000000000000000010000000000000000000000000000000000001000000,,,,,,,11011111100101110110010001010001,iPhoneXR_U
a6:b0:f2:7f:48:0e,00000000,00000000,,00000001,00000100,00000010000001000000101100010110,00110010,00001000,0000110000010010000110000010010000110000010010000110000001101100,00000011,00000001,00000001,00101101,00011010,0010110100000000000101111111111100000000000000000000000000000000000000000000000000000000000000000000000000000000000000000000000000000000000000000000000000000000000000000000000000000000000000000000000000000000,,,,01111111,00001000,0000000000000000000010000000000000000000000000000000000001000000,,,,,,,10000100110010111001010011011011,iPhoneXR_U
a6:b0:f2:7f:48:0e,00000000,00000000,,00000001,00000100,00000010000001000000101100010110,00110010,00001000,0000110000010010000110000010010000110000010010000110000001101100,00000011,00000001,00000001,00101101,00011010,0010110100000000000101111111111100000000000000000000000000000000000000000000000000000000000000000000000000000000000000000000000000000000000000000000000000000000000000000000000000000000000000000000000000000000,,,,01111111,00001000,0000000000000000000010000000000000000000000000000000000001000000,,,,,,,01110000000000011000010001101010,iPhoneXR_U
a6:b0:f2:7f:48:0e,00000000,00000000,,00000001,00000100,00000010000001000000101100010110,00110010,00001000,0000110000010010000110000010010000110000010010000110000001101100,00000011,00000001,00000110,00101101,00011010,0010110100000000000101111111111100000000000000000000000000000000000000000000000000000000000000000000000000000000000000000000000000000000000000000000000000000000000000000000000000000000000000000000000000000000,,,,01111111,00001000,0000000000000000000010000000000000000000000000000000000001000000,,,,,,,00000000000000000000000001000000,iPhoneXR_U
a6:b0:f2:7f:48:0e,00000000,00000000,,00000001,00000100,00000010000001000000101100010110,00110010,00001000,0000110000010010000110000010010000110000010010000110000001101100,00000011,00000001,00001011,00101101,00011010,0010110100000000000101111111111100000000000000000000000000000000000000000000000000000000000000000000000000000000000000000000000000000000000000000000000000000000000000000000000000000000000000000000000000000000,,,,01111111,00001000,0000000000000000000010000000000000000000000000000000000001000000,,,,,,,01111010001001101101110010000111,iPhoneXR_U
a6:b0:f2:7f:48:0e,00000000,00000000,,00000001,00000100,00000010000001000000101100010110,00110010,00001000,0000110000010010000110000010010000110000010010000110000001101100,00000011,00000001,00001011,00101101,00011010,0010110100000000000101111111111100000000000000000000000000000000000000000000000000000000000000000000000000000000000000000000000000000000000000000000000000000000000000000000000000000000000000000000000000000000,,,,01111111,00001000,0000000000000000000010000000000000000000000000000000000001000000,,,,,,,10001110111011001100110000110110,iPhoneXR_U
12:31:cd:f2:50:ea,00000000,00000000,,00000001,00000100,00000010000001000000101100010110,00110010,00001000,0000110000010010000110000010010000110000010010000110000001101100,00000011,00000001,00000001,00101101,00011010,0010110100000000000101111111111100000000000000000000000000000000000000000000000000000000000000000000000000000000000000000000000000000000000000000000000000000000000000000000000000000000000000000000000000000000,,,,01111111,00001000,0000000000000000000010000000000000000000000000000000000001000000,,,,,,,10000111001111100110111011011100,iPhoneXR_U
12:31:cd:f2:50:ea,00000000,00000000,,00000001,00000100,00000010000001000000101100010110,00110010,00001000,0000110000010010000110000010010000110000010010000110000001101100,00000011,00000001,00000110,00101101,00011010,0010110100000000000101111111111100000000000000000000000000000000000000000000000000000000000000000000000000000000000000000000000000000000000000000000000000000000000000000000000000000000000000000000000000000000,,,,01111111,00001000,0000000000000000000010000000000000000000000000000000000001000000,,,,,,,00000000000000000000000001000000,iPhoneXR_U
12:31:cd:f2:50:ea,00000000,00000000,,00000001,00000100,00000010000001000000101100010110,00110010,00001000,0000110000010010000110000010010000110000010010000110000001101100,00000011,00000001,00000110,00101101,00011010,0010110100000000000101111111111100000000000000000000000000000000000000000000000000000000000000000000000000000000000000000000000000000000000000000000000000000000000000000000000000000000000000000000000000000000,,,,01111111,00001000,0000000000000000000010000000000000000000000000000000000001000000,,,,,,,00000000000000000000000001000000,iPhoneXR_U
12:31:cd:f2:50:ea,00000000,00000000,,00000001,00000100,00000010000001000000101100010110,00110010,00001000,0000110000010010000110000010010000110000010010000110000001101100,00000011,00000001,00001011,00101101,00011010,0010110100000000000101111111111100000000000000000000000000000000000000000000000000000000000000000000000000000000000000000000000000000000000000000000000000000000000000000000000000000000000000000000000000000000,,,,01111111,00001000,0000000000000000000010000000000000000000000000000000000001000000,,,,,,,11111010100011101010001111111101,iPhoneXR_U
12:31:cd:f2:50:ea,00000000,00000000,,00000001,00000100,00000010000001000000101100010110,00110010,00001000,0000110000010010000110000010010000110000010010000110000001101100,00000011,00000001,00001011,00101101,00011010,0010110100000000000101111111111100000000000000000000000000000000000000000000000000000000000000000000000000000000000000000000000000000000000000000000000000000000000000000000000000000000000000000000000000000000,,,,01111111,00001000,0000000000000000000010000000000000000000000000000000000001000000,,,,,,,10100111110101111110001111110101,iPhoneXR_U
56:a7:11:81:a5:9c,00000000,00000000,,00000001,00000100,00000010000001000000101100010110,00110010,00001000,0000110000010010000110000010010000110000010010000110000001101100,00000011,00000001,00000001,00101101,00011010,0010110100000000000101111111111100000000000000000000000000000000000000000000000000000000000000000000000000000000000000000000000000000000000000000000000000000000000000000000000000000000000000000000000000000000,,,,01111111,00001000,0000000000000000000010000000000000000000000000000000000001000000,,,,,,,10010111000100111111111111001111,iPhoneXR_U
56:a7:11:81:a5:9c,00000000,00000000,,00000001,00000100,00000010000001000000101100010110,00110010,00001000,0000110000010010000110000010010000110000010010000110000001101100,00000011,00000001,00000001,00101101,00011010,0010110100000000000101111111111100000000000000000000000000000000000000000000000000000000000000000000000000000000000000000000000000000000000000000000000000000000000000000000000000000000000000000000000000000000,,,,01111111,00001000,0000000000000000000010000000000000000000000000000000000001000000,,,,,,,11011001011010110110111101101110,iPhoneXR_U
56:a7:11:81:a5:9c,00000000,00000000,,00000001,00000100,00000010000001000000101100010110,00110010,00001000,0000110000010010000110000010010000110000010010000110000001101100,00000011,00000001,00000110,00101101,00011010,0010110100000000000101111111111100000000000000000000000000000000000000000000000000000000000000000000000000000000000000000000000000000000000000000000000000000000000000000000000000000000000000000000000000000000,,,,01111111,00001000,0000000000000000000010000000000000000000000000000000000001000000,,,,,,,00000000000000000000000001000000,iPhoneXR_U
56:a7:11:81:a5:9c,00000000,00000000,,00000001,00000100,00000010000001000000101100010110,00110010,00001000,0000110000010010000110000010010000110000010010000110000001101100,00000011,00000001,00001011,00101101,00011010,0010110100000000000101111111111100000000000000000000000000000000000000000000000000000000000000000000000000000000000000000000000000000000000000000000000000000000000000000000000000000000000000000000000000000000,,,,01111111,00001000,0000000000000000000010000000000000000000000000000000000001000000,,,,,,,01011101011100101110011011100010,iPhoneXR_U
56:a7:11:81:a5:9c,00000000,00000000,,00000001,00000100,00000010000001000000101100010110,00110010,00001000,0000110000010010000110000010010000110000010010000110000001101100,00000011,00000001,00001011,00101101,00011010,0010110100000000000101111111111100000000000000000000000000000000000000000000000000000000000000000000000000000000000000000000000000000000000000000000000000000000000000000000000000000000000000000000000000000000,,,,01111111,00001000,0000000000000000000010000000000000000000000000000000000001000000,,,,,,,10100100110110111010001001001111,iPhoneXR_U
1e:50:86:23:66:c5,00000000,00000000,,00000001,00000100,00000010000001000000101100010110,00110010,00001000,0000110000010010000110000010010000110000010010000110000001101100,00000011,00000001,00000001,00101101,00011010,0010110100000000000101111111111100000000000000000000000000000000000000000000000000000000000000000000000000000000000000000000000000000000000000000000000000000000000000000000000000000000000000000000000000000000,,,,01111111,00001000,0000000000000000000010000000000000000000000000000000000001000000,,,,,,,01110000101111101101111110000010,iPhoneXR_U
1e:50:86:23:66:c5,00000000,00000000,,00000001,00000100,00000010000001000000101100010110,00110010,00001000,0000110000010010000110000010010000110000010010000110000001101100,00000011,00000001,00000001,00101101,00011010,0010110100000000000101111111111100000000000000000000000000000000000000000000000000000000000000000000000000000000000000000000000000000000000000000000000000000000000000000000000000000000000000000000000000000000,,,,01111111,00001000,0000000000000000000010000000000000000000000000000000000001000000,,,,,,,00111110110001100100111100100011,iPhoneXR_U
1e:50:86:23:66:c5,00000000,00000000,,00000001,00000100,00000010000001000000101100010110,00110010,00001000,0000110000010010000110000010010000110000010010000110000001101100,00000011,00000001,00000110,00101101,00011010,0010110100000000000101111111111100000000000000000000000000000000000000000000000000000000000000000000000000000000000000000000000000000000000000000000000000000000000000000000000000000000000000000000000000000000,,,,01111111,00001000,0000000000000000000010000000000000000000000000000000000001000000,,,,,,,00000000000000000000000001000000,iPhoneXR_U
1e:50:86:23:66:c5,00000000,00000000,,00000001,00000100,00000010000001000000101100010110,00110010,00001000,0000110000010010000110000010010000110000010010000110000001101100,00000011,00000001,00001011,00101101,00011010,0010110100000000000101111111111100000000000000000000000000000000000000000000000000000000000000000000000000000000000000000000000000000000000000000000000000000000000000000000000000000000000000000000000000000000,,,,01111111,00001000,0000000000000000000010000000000000000000000000000000000001000000,,,,,,,10111010110111111100011010101111,iPhoneXR_U
1e:50:86:23:66:c5,00000000,00000000,,00000001,00000100,00000010000001000000101100010110,00110010,00001000,0000110000010010000110000010010000110000010010000110000001101100,00000011,00000001,00001011,00101101,00011010,0010110100000000000101111111111100000000000000000000000000000000000000000000000000000000000000000000000000000000000000000000000000000000000000000000000000000000000000000000000000000000000000000000000000000000,,,,01111111,00001000,0000000000000000000010000000000000000000000000000000000001000000,,,,,,,00011100011011010101010001001100,iPhoneXR_U
9e:d4:6b:6a:02:9c,00000000,00000000,,00000001,00000100,00000010000001000000101100010110,00110010,00001000,0000110000010010000110000010010000110000010010000110000001101100,00000011,00000001,00000001,00101101,00011010,0010110100000000000101111111111100000000000000000000000000000000000000000000000000000000000000000000000000000000000000000000000000000000000000000000000000000000000000000000000000000000000000000000000000000000,,,,01111111,00001000,0000000000000000000010000000000000000000000000000000000001000000,,,,,,,10001010010110101110001100011000,iPhoneXR_U
9e:d4:6b:6a:02:9c,00000000,00000000,,00000001,00000100,00000010000001000000101100010110,00110010,00001000,0000110000010010000110000010010000110000010010000110000001101100,00000011,00000001,00000001,00101101,00011010,0010110100000000000101111111111100000000000000000000000000000000000000000000000000000000000000000000000000000000000000000000000000000000000000000000000000000000000000000000000000000000000000000000000000000000,,,,01111111,00001000,0000000000000000000010000000000000000000000000000000000001000000,,,,,,,01111110100100001111001110101001,iPhoneXR_U
9e:d4:6b:6a:02:9c,00000000,00000000,,00000001,00000100,00000010000001000000101100010110,00110010,00001000,0000110000010010000110000010010000110000010010000110000001101100,00000011,00000001,00000110,00101101,00011010,0010110100000000000101111111111100000000000000000000000000000000000000000000000000000000000000000000000000000000000000000000000000000000000000000000000000000000000000000000000000000000000000000000000000000000,,,,01111111,00001000,0000000000000000000010000000000000000000000000000000000001000000,,,,,,,00000000000000000000000001000000,iPhoneXR_U
9e:d4:6b:6a:02:9c,00000000,00000000,,00000001,00000100,00000010000001000000101100010110,00110010,00001000,0000110000010010000110000010010000110000010010000110000001101100,00000011,00000001,00000110,00101101,00011010,0010110100000000000101111111111100000000000000000000000000000000000000000000000000000000000000000000000000000000000000000000000000000000000000000000000000000000000000000000000000000000000000000000000000000000,,,,01111111,00001000,0000000000000000000010000000000000000000000000000000000001000000,,,,,,,10111101010100100110110000000011,iPhoneXR_U
9e:d4:6b:6a:02:9c,00000000,00000000,,00000001,00000100,00000010000001000000101100010110,00110010,00001000,0000110000010010000110000010010000110000010010000110000001101100,00000011,00000001,00001011,00101101,00011010,0010110100000000000101111111111100000000000000000000000000000000000000000000000000000000000000000000000000000000000000000000000000000000000000000000000000000000000000000000000000000000000000000000000000000000,,,,01111111,00001000,0000000000000000000010000000000000000000000000000000000001000000,,,,,,,00100111011111110010101110111101,iPhoneXR_U
9e:d4:6b:6a:02:9c,00000000,00000000,,00000001,00000100,00000010000001000000101100010110,00110010,00001000,0000110000010010000110000010010000110000010010000110000001101100,00000011,00000001,00001011,00101101,00011010,0010110100000000000101111111111100000000000000000000000000000000000000000000000000000000000000000000000000000000000000000000000000000000000000000000000000000000000000000000000000000000000000000000000000000000,,,,01111111,00001000,0000000000000000000010000000000000000000000000000000000001000000,,,,,,,11010011101101010011101100001100,iPhoneXR_U
66:26:c5:2a:3a:da,00000000,00000000,,00000001,00000100,00000010000001000000101100010110,00110010,00001000,0000110000010010000110000010010000110000010010000110000001101100,00000011,00000001,00000001,00101101,00011010,0010110100000000000101111111111100000000000000000000000000000000000000000000000000000000000000000000000000000000000000000000000000000000000000000000000000000000000000000000000000000000000000000000000000000000,,,,01111111,00001000,0000000000000000000010000000000000000000000000000000000001000000,,,,,,,01001110000010010101111011001101,iPhoneXR_U
66:26:c5:2a:3a:da,00000000,00000000,,00000001,00000100,00000010000001000000101100010110,00110010,00001000,0000110000010010000110000010010000110000010010000110000001101100,00000011,00000001,00000001,00101101,00011010,0010110100000000000101111111111100000000000000000000000000000000000000000000000000000000000000000000000000000000000000000000000000000000000000000000000000000000000000000000000000000000000000000000000000000000,,,,01111111,00001000,0000000000000000000010000000000000000000000000000000000001000000,,,,,,,00010011010100000001111011000101,iPhoneXR_U
66:26:c5:2a:3a:da,00000000,00000000,,00000001,00000100,00000010000001000000101100010110,00110010,00001000,0000110000010010000110000010010000110000010010000110000001101100,00000011,00000001,00001011,00101101,00011010,0010110100000000000101111111111100000000000000000000000000000000000000000000000000000000000000000000000000000000000000000000000000000000000000000000000000000000000000000000000000000000000000000000000000000000,,,,01111111,00001000,0000000000000000000010000000000000000000000000000000000001000000,,,,,,,00110011101110011001001111101100,iPhoneXR_U
66:26:c5:2a:3a:da,00000000,00000000,,00000001,00000100,00000010000001000000101100010110,00110010,00001000,0000110000010010000110000010010000110000010010000110000001101100,00000011,00000001,00001011,00101101,00011010,0010110100000000000101111111111100000000000000000000000000000000000000000000000000000000000000000000000000000000000000000000000000000000000000000000000000000000000000000000000000000000000000000000000000000000,,,,01111111,00001000,0000000000000000000010000000000000000000000000000000000001000000,,,,,,,01101110111000001101001111100100,iPhoneXR_U
ce:ec:01:56:23:24,00000000,00000000,,00000001,00000100,00000010000001000000101100010110,00110010,00001000,0000110000010010000110000010010000110000010010000110000001101100,00000011,00000001,00000001,00101101,00011010,0010110100000000000101111111111100000000000000000000000000000000000000000000000000000000000000000000000000000000000000000000000000000000000000000000000000000000000000000000000000000000000000000000000000000000,,,,01111111,00001000,0000000000000000000010000000000000000000000000000000000001000000,,,,,,,10010111111111100111101111100010,iPhoneXR_U
ce:ec:01:56:23:24,00000000,00000000,,00000001,00000100,00000010000001000000101100010110,00110010,00001000,0000110000010010000110000010010000110000010010000110000001101100,00000011,00000001,00001011,00101101,00011010,0010110100000000000101111111111100000000000000000000000000000000000000000000000000000000000000000000000000000000000000000000000000000000000000000000000000000000000000000000000000000000000000000000000000000000,,,,01111111,00001000,0000000000000000000010000000000000000000000000000000000001000000,,,,,,,11100111001011011110001011011111,iPhoneXR_U
f6:3a:4d:c0:2c:de,00000000,00000000,,00000001,00000100,00000010000001000000101100010110,00110010,00001000,0000110000010010000110000010010000110000010010000110000001101100,00000011,00000001,00000001,00101101,00011010,0010110100000000000101111111111100000000000000000000000000000000000000000000000000000000000000000000000000000000000000000000000000000000000000000000000000000000000000000000000000000000000000000000000000000000,,,,01111111,00001000,0000000000000000000010000000000000000000000000000000000001000000,,,,,,,00001110011110101100101001111100,iPhoneXR_U
f6:3a:4d:c0:2c:de,00000000,00000000,,00000001,00000100,00000010000001000000101100010110,00110010,00001000,0000110000010010000110000010010000110000010010000110000001101100,00000011,00000001,00000001,00101101,00011010,0010110100000000000101111111111100000000000000000000000000000000000000000000000000000000000000000000000000000000000000000000000000000000000000000000000000000000000000000000000000000000000000000000000000000000,,,,01111111,00001000,0000000000000000000010000000000000000000000000000000000001000000,,,,,,,11111010101100001101101011001101,iPhoneXR_U
f6:3a:4d:c0:2c:de,00000000,00000000,,00000001,00000100,00000010000001000000101100010110,00110010,00001000,0000110000010010000110000010010000110000010010000110000001101100,00000011,00000001,00001011,00101101,00011010,0010110100000000000101111111111100000000000000000000000000000000000000000000000000000000000000000000000000000000000000000000000000000000000000000000000000000000000000000000000000000000000000000000000000000000,,,,01111111,00001000,0000000000000000000010000000000000000000000000000000000001000000,,,,,,,11000100000110111101001101010001,iPhoneXR_U
f6:3a:4d:c0:2c:de,00000000,00000000,,00000001,00000100,00000010000001000000101100010110,00110010,00001000,0000110000010010000110000010010000110000010010000110000001101100,00000011,00000001,00001011,00101101,00011010,0010110100000000000101111111111100000000000000000000000000000000000000000000000000000000000000000000000000000000000000000000000000000000000000000000000000000000000000000000000000000000000000000000000000000000,,,,01111111,00001000,0000000000000000000010000000000000000000000000000000000001000000,,,,,,,00110000110100011100001111100000,iPhoneXR_U
5e:33:19:3a:be:ea,00000000,00000000,,00000001,00000100,00000010000001000000101100010110,00110010,00001000,0000110000010010000110000010010000110000010010000110000001101100,00000011,00000001,00000001,00101101,00011010,0010110101000000000101111111111100000000000000000000000000000000000000000000000000000000000000000000000000000000000000000000000000000000000000000000000000000000000000000000000000000000000000000000000000000000,,,,01111111,00001000,0000000000000000000010000000010000000000000000000000000001000000,,,,,,,10100110101011110110101101100100,iPhoneXR_U
5e:33:19:3a:be:ea,00000000,00000000,,00000001,00000100,00000010000001000000101100010110,00110010,00001000,0000110000010010000110000010010000110000010010000110000001101100,00000011,00000001,00001011,00101101,00011010,0010110101000000000101111111111100000000000000000000000000000000000000000000000000000000000000000000000000000000000000000000000000000000000000000000000000000000000000000000000000000000000000000000000000000000,,,,01111111,00001000,0000000000000000000010000000010000000000000000000000000001000000,,,,,,,11010110011111001111001001011001,iPhoneXR_U
7a:9f:86:c6:19:a1,00000000,00000000,,00000001,00000100,00000010000001000000101100010110,00110010,00001000,0000110000010010000110000010010000110000010010000110000001101100,00000011,00000001,00000001,00101101,00011010,0010110101000000000101111111111100000000000000000000000000000000000000000000000000000000000000000000000000000000000000000000000000000000000000000000000000000000000000000000000000000000000000000000000000000000,,,,01111111,00001000,0000000000000000000010000000010000000000000000000000000001000000,,,,,,,11111110001110010011100110011000,iPhoneXR_U
7a:9f:86:c6:19:a1,00000000,00000000,,00000001,00000100,00000010000001000000101100010110,00110010,00001000,0000110000010010000110000010010000110000010010000110000001101100,00000011,00000001,00000001,00101101,00011010,0010110101000000000101111111111100000000000000000000000000000000000000000000000000000000000000000000000000000000000000000000000000000000000000000000000000000000000000000000000000000000000000000000000000000000,,,,01111111,00001000,0000000000000000000010000000010000000000000000000000000001000000,,,,,,,00001010111100110010100100101001,iPhoneXR_U
7a:9f:86:c6:19:a1,00000000,00000000,,00000001,00000100,00000010000001000000101100010110,00110010,00001000,0000110000010010000110000010010000110000010010000110000001101100,00000011,00000001,00001011,00101101,00011010,0010110101000000000101111111111100000000000000000000000000000000000000000000000000000000000000000000000000000000000000000000000000000000000000000000000000000000000000000000000000000000000000000000000000000000,,,,01111111,00001000,0000000000000000000010000000010000000000000000000000000001000000,,,,,,,00110100010110000010000010110101,iPhoneXR_U
7a:9f:86:c6:19:a1,00000000,00000000,,00000001,00000100,00000010000001000000101100010110,00110010,00001000,0000110000010010000110000010010000110000010010000110000001101100,00000011,00000001,00001011,00101101,00011010,0010110101000000000101111111111100000000000000000000000000000000000000000000000000000000000000000000000000000000000000000000000000000000000000000000000000000000000000000000000000000000000000000000000000000000,,,,01111111,00001000,0000000000000000000010000000010000000000000000000000000001000000,,,,,,,11000000100100100011000000000100,iPhoneXR_U
ee:18:b9:9c:f9:f0,00000000,00000000,,00000001,00000100,00000010000001000000101100010110,00110010,00001000,0000110000010010000110000010010000110000010010000110000001101100,00000011,00000001,00000001,00101101,00011010,0010110101000000000101111111111100000000000000000000000000000000000000000000000000000000000000000000000000000000000000000000000000000000000000000000000000000000000000000000000000000000000000000000000000000000,,,,01111111,00001000,0000000000000000000010000000010000000000000000000000000001000000,,,,,,,11011000111101011100000011010110,iPhoneXR_U
ee:18:b9:9c:f9:f0,00000000,00000000,,00000001,00000100,00000010000001000000101100010110,00110010,00001000,0000110000010010000110000010010000110000010010000110000001101100,00000011,00000001,00000110,00101101,00011010,0010110101000000000101111111111100000000000000000000000000000000000000000000000000000000000000000000000000000000000000000000000000000000000000000000000000000000000000000000000000000000000000000000000000000000,,,,01111111,00001000,0000000000000000000010000000010000000000000000000000000001000000,,,,,,,00000000000000000000000001000000,iPhoneXR_U
ee:18:b9:9c:f9:f0,00000000,00000000,,00000001,00000100,00000010000001000000101100010110,00110010,00001000,0000110000010010000110000010010000110000010010000110000001101100,00000011,00000001,00001011,00101101,00011010,0010110101000000000101111111111100000000000000000000000000000000000000000000000000000000000000000000000000000000000000000000000000000000000000000000000000000000000000000000000000000000000000000000000000000000,,,,01111111,00001000,0000000000000000000010000000010000000000000000000000000001000000,,,,,,,11011100010000110101100011001010,iPhoneXR_U
fe:d8:06:8a:6a:09,00000000,00000000,,00000001,00000100,00000010000001000000101100010110,00110010,00001000,0000110000010010000110000010010000110000010010000110000001101100,00000011,00000001,00000001,00101101,00011010,0010110100000000000101111111111100000000000000000000000000000000000000000000000000000000000000000000000000000000000000000000000000000000000000000000000000000000000000000000000000000000000000000000000000000000,,,,01111111,00001000,0000000000000000000010000000000000000000000000000000000001000000,,,,,,,11010111101101010100101101110111,iPhoneXR_U
fe:d8:06:8a:6a:09,00000000,00000000,,00000001,00000100,00000010000001000000101100010110,00110010,00001000,0000110000010010000110000010010000110000010010000110000001101100,00000011,00000001,00000110,00101101,00011010,0010110100000000000101111111111100000000000000000000000000000000000000000000000000000000000000000000000000000000000000000000000000000000000000000000000000000000000000000000000000000000000000000000000000000000,,,,01111111,00001000,0000000000000000000010000000000000000000000000000000000001000000,,,,,,,00000000000000000000000001000000,iPhoneXR_U
fe:d8:06:8a:6a:09,00000000,00000000,,00000001,00000100,00000010000001000000101100010110,00110010,00001000,0000110000010010000110000010010000110000010010000110000001101100,00000011,00000001,00001011,00101101,00011010,0010110100000000000101111111111100000000000000000000000000000000000000000000000000000000000000000000000000000000000000000000000000000000000000000000000000000000000000000000000000000000000000000000000000000000,,,,01111111,00001000,0000000000000000000010000000000000000000000000000000000001000000,,,,,,,10111011000110110111000010001001,iPhoneXR_U
5a:24:03:79:87:53,00000000,00000000,,00000001,00000100,00000010000001000000101100010110,00110010,00001000,0000110000010010000110000010010000110000010010000110000001101100,00000011,00000001,00000001,00101101,00011010,0010110100000000000101111111111100000000000000000000000000000000000000000000000000000000000000000000000000000000000000000000000000000000000000000000000000000000000000000000000000000000000000000000000000000000,,,,01111111,00001000,0000000000000000000010000000000000000000000000000000000001000000,,,,,,,00011010001101011000000000001110,iPhoneXR_U
5a:24:03:79:87:53,00000000,00000000,,00000001,00000100,00000010000001000000101100010110,00110010,00001000,0000110000010010000110000010010000110000010010000110000001101100,00000011,00000001,00000001,00101101,00011010,0010110100000000000101111111111100000000000000000000000000000000000000000000000000000000000000000000000000000000000000000000000000000000000000000000000000000000000000000000000000000000000000000000000000000000,,,,01111111,00001000,0000000000000000000010000000000000000000000000000000000001000000,,,,,,,11101110111111111001000010111111,iPhoneXR_U
5a:24:03:79:87:53,00000000,00000000,,00000001,00000100,00000010000001000000101100010110,00110010,00001000,0000110000010010000110000010010000110000010010000110000001101100,00000011,00000001,00000110,00101101,00011010,0010110100000000000101111111111100000000000000000000000000000000000000000000000000000000000000000000000000000000000000000000000000000000000000000000000000000000000000000000000000000000000000000000000000000000,,,,01111111,00001000,0000000000000000000010000000000000000000000000000000000001000000,,,,,,,00000000000000000000000001000000,iPhoneXR_U
5a:24:03:79:87:53,00000000,00000000,,00000001,00000100,00000010000001000000101100010110,00110010,00001000,0000110000010010000110000010010000110000010010000110000001101100,00000011,00000001,00000110,00101101,00011010,0010110100000000000101111111111100000000000000000000000000000000000000000000000000000000000000000000000000000000000000000000000000000000000000000000000000000000000000000000000000000000000000000000000000000000,,,,01111111,00001000,0000000000000000000010000000000000000000000000000000000001000000,,,,,,,00000000000000000000000001000000,iPhoneXR_U
5a:24:03:79:87:53,00000000,00000000,,00000001,00000100,00000010000001000000101100010110,00110010,00001000,0000110000010010000110000010010000110000010010000110000001101100,00000011,00000001,00001011,00101101,00011010,0010110100000000000101111111111100000000000000000000000000000000000000000000000000000000000000000000000000000000000000000000000000000000000000000000000000000000000000000000000000000000000000000000000000000000,,,,01111111,00001000,0000000000000000000010000000000000000000000000000000000001000000,,,,,,,11011001101100111110000110110010,iPhoneXR_U
5a:24:03:79:87:53,00000000,00000000,,00000001,00000100,00000010000001000000101100010110,00110010,00001000,0000110000010010000110000010010000110000010010000110000001101100,00000011,00000001,00001011,00101101,00011010,0010110100000000000101111111111100000000000000000000000000000000000000000000000000000000000000000000000000000000000000000000000000000000000000000000000000000000000000000000000000000000000000000000000000000000,,,,01111111,00001000,0000000000000000000010000000000000000000000000000000000001000000,,,,,,,00101101011110011111000100000011,iPhoneXR_U
c6:4e:27:f5:79:c7,00000000,00000000,,00000001,00000100,00000010000001000000101100010110,00110010,00001000,0000110000010010000110000010010000110000010010000110000001101100,00000011,00000001,00000001,00101101,00011010,0010110100000000000101111111111100000000000000000000000000000000000000000000000000000000000000000000000000000000000000000000000000000000000000000000000000000000000000000000000000000000000000000000000000000000,,,,01111111,00001000,0000000000000000000010000000000000000000000000000000000001000000,,,,,,,00110010000111010111001011100110,iPhoneXR_U
c6:4e:27:f5:79:c7,00000000,00000000,,00000001,00000100,00000010000001000000101100010110,00110010,00001000,0000110000010010000110000010010000110000010010000110000001101100,00000011,00000001,00000001,00101101,00011010,0010110100000000000101111111111100000000000000000000000000000000000000000000000000000000000000000000000000000000000000000000000000000000000000000000000000000000000000000000000000000000000000000000000000000000,,,,01111111,00001000,0000000000000000000010000000000000000000000000000000000001000000,,,,,,,11000110110101110110001001010111,iPhoneXR_U
c6:4e:27:f5:79:c7,00000000,00000000,,00000001,00000100,00000010000001000000101100010110,00110010,00001000,0000110000010010000110000010010000110000010010000110000001101100,00000011,00000001,00000110,00101101,00011010,0010110100000000000101111111111100000000000000000000000000000000000000000000000000000000000000000000000000000000000000000000000000000000000000000000000000000000000000000000000000000000000000000000000000000000,,,,01111111,00001000,0000000000000000000010000000000000000000000000000000000001000000,,,,,,,01110001011100001111110011011100,iPhoneXR_U
c6:4e:27:f5:79:c7,00000000,00000000,,00000001,00000100,00000010000001000000101100010110,00110010,00001000,0000110000010010000110000010010000110000010010000110000001101100,00000011,00000001,00000110,00101101,00011010,0010110100000000000101111111111100000000000000000000000000000000000000000000000000000000000000000000000000000000000000000000000000000000000000000000000000000000000000000000000000000000000000000000000000000000,,,,01111111,00001000,0000000000000000000010000000000000000000000000000000000001000000,,,,,,,00000000000000000000000001000000,iPhoneXR_U
c6:4e:27:f5:79:c7,00000000,00000000,,00000001,00000100,00000010000001000000101100010110,00110010,00001000,0000110000010010000110000010010000110000010010000110000001101100,00000011,00000001,00001011,00101101,00011010,0010110100000000000101111111111100000000000000000000000000000000000000000000000000000000000000000000000000000000000000000000000000000000000000000000000000000000000000000000000000000000000000000000000000000000,,,,01111111,00001000,0000000000000000000010000000000000000000000000000000000001000000,,,,,,,10011111001110001011101001000011,iPhoneXR_U
c6:4e:27:f5:79:c7,00000000,00000000,,00000001,00000100,00000010000001000000101100010110,00110010,00001000,0000110000010010000110000010010000110000010010000110000001101100,00000011,00000001,00001011,00101101,00011010,0010110100000000000101111111111100000000000000000000000000000000000000000000000000000000000000000000000000000000000000000000000000000000000000000000000000000000000000000000000000000000000000000000000000000000,,,,01111111,00001000,0000000000000000000010000000000000000000000000000000000001000000,,,,,,,01101011111100101010101011110010,iPhoneXR_U
22:df:5b:a6:18:99,00000000,00000000,,00000001,00000100,00000010000001000000101100010110,00110010,00001000,0000110000010010000110000010010000110000010010000110000001101100,00000011,00000001,00000001,00101101,00011010,0010110100000000000101111111111100000000000000000000000000000000000000000000000000000000000000000000000000000000000000000000000000000000000000000000000000000000000000000000000000000000000000000000000000000000,,,,01111111,00001000,0000000000000000000010000000000000000000000000000000000001000000,,,,,,,00101101000011011101000110100111,iPhoneXR_U
22:df:5b:a6:18:99,00000000,00000000,,00000001,00000100,00000010000001000000101100010110,00110010,00001000,0000110000010010000110000010010000110000010010000110000001101100,00000011,00000001,00000001,00101101,00011010,0010110100000000000101111111111100000000000000000000000000000000000000000000000000000000000000000000000000000000000000000000000000000000000000000000000000000000000000000000000000000000000000000000000000000000,,,,01111111,00001000,0000000000000000000010000000000000000000000000000000000001000000,,,,,,,11011001110001111100000100010110,iPhoneXR_U
22:df:5b:a6:18:99,00000000,00000000,,00000001,00000100,00000010000001000000101100010110,00110010,00001000,0000110000010010000110000010010000110000010010000110000001101100,00000011,00000001,00000110,00101101,00011010,0010110100000000000101111111111100000000000000000000000000000000000000000000000000000000000000000000000000000000000000000000000000000000000000000000000000000000000000000000000000000000000000000000000000000000,,,,01111111,00001000,0000000000000000000010000000000000000000000000000000000001000000,,,,,,,10001001100010111001111110000101,iPhoneXR_U
22:df:5b:a6:18:99,00000000,00000000,,00000001,00000100,00000010000001000000101100010110,00110010,00001000,0000110000010010000110000010010000110000010010000110000001101100,00000011,00000001,00001011,00101101,00011010,0010110100000000000101111111111100000000000000000000000000000000000000000000000000000000000000000000000000000000000000000000000000000000000000000000000000000000000000000000000000000000000000000000000000000000,,,,01111111,00001000,0000000000000000000010000000000000000000000000000000000001000000,,,,,,,11100111011011001100100010001010,iPhoneXR_U
22:df:5b:a6:18:99,00000000,00000000,,00000001,00000100,00000010000001000000101100010110,00110010,00001000,0000110000010010000110000010010000110000010010000110000001101100,00000011,00000001,00001011,00101101,00011010,0010110100000000000101111111111100000000000000000000000000000000000000000000000000000000000000000000000000000000000000000000000000000000000000000000000000000000000000000000000000000000000000000000000000000000,,,,01111111,00001000,0000000000000000000010000000000000000000000000000000000001000000,,,,,,,00010011101001101101100000111011,iPhoneXR_U
76:54:e3:b0:1f:6e,00000000,00000000,,00000001,00000100,00000010000001000000101100010110,00110010,00001000,0000110000010010000110000010010000110000010010000110000001101100,00000011,00000001,00000001,00101101,00011010,0010110100000000000101111111111100000000000000000000000000000000000000000000000000000000000000000000000000000000000000000000000000000000000000000000000000000000000000000000000000000000000000000000000000000000,,,,01111111,00001000,0000000000000000000010000000000000000000000000000000000001000000,,,,,,,01001100010010010111001000011010,iPhoneXR_U
76:54:e3:b0:1f:6e,00000000,00000000,,00000001,00000100,00000010000001000000101100010110,00110010,00001000,0000110000010010000110000010010000110000010010000110000001101100,00000011,00000001,00000001,00101101,00011010,0010110100000000000101111111111100000000000000000000000000000000000000000000000000000000000000000000000000000000000000000000000000000000000000000000000000000000000000000000000000000000000000000000000000000000,,,,01111111,00001000,0000000000000000000010000000000000000000000000000000000001000000,,,,,,,01100101011101010011001100110011,iPhoneXR_U
76:54:e3:b0:1f:6e,00000000,00000000,,00000001,00000100,00000010000001000000101100010110,00110010,00001000,0000110000010010000110000010010000110000010010000110000001101100,00000011,00000001,00000110,00101101,00011010,0010110100000000000101111111111100000000000000000000000000000000000000000000000000000000000000000000000000000000000000000000000000000000000000000000000000000000000000000000000000000000000000000000000000000000,,,,01111111,00001000,0000000000000000000010000000000000000000000000000000000001000000,,,,,,,00000000000000000000000001000000,iPhoneXR_U
76:54:e3:b0:1f:6e,00000000,00000000,,00000001,00000100,00000010000001000000101100010110,00110010,00001000,0000110000010010000110000010010000110000010010000110000001101100,00000011,00000001,00000110,00101101,00011010,0010110100000000000101111111111100000000000000000000000000000000000000000000000000000000000000000000000000000000000000000000000000000000000000000000000000000000000000000000000000000000000000000000000000000000,,,,01111111,00001000,0000000000000000000010000000000000000000000000000000000001000000,,,,,,,00000000000000000000000001000000,iPhoneXR_U
76:54:e3:b0:1f:6e,00000000,00000000,,00000001,00000100,00000010000001000000101100010110,00110010,00001000,0000110000010010000110000010010000110000010010000110000001101100,00000011,00000001,00001011,00101101,00011010,0010110100000000000101111111111100000000000000000000000000000000000000000000000000000000000000000000000000000000000000000000000000000000000000000000000000000000000000000000000000000000000000000000000000000000,,,,01111111,00001000,0000000000000000000010000000000000000000000000000000000001000000,,,,,,,11100001011011001011101010111111,iPhoneXR_U
76:54:e3:b0:1f:6e,00000000,00000000,,00000001,00000100,00000010000001000000101100010110,00110010,00001000,0000110000010010000110000010010000110000010010000110000001101100,00000011,00000001,00001011,00101101,00011010,0010110100000000000101111111111100000000000000000000000000000000000000000000000000000000000000000000000000000000000000000000000000000000000000000000000000000000000000000000000000000000000000000000000000000000,,,,01111111,00001000,0000000000000000000010000000000000000000000000000000000001000000,,,,,,,10101111000101000010101000011110,iPhoneXR_U
46:6f:7d:99:5b:f1,00000000,00000000,,00000001,00000100,00000010000001000000101100010110,00110010,00001000,0000110000010010000110000010010000110000010010000110000001101100,00000011,00000001,00000001,00101101,00011010,0010110100000000000101111111111100000000000000000000000000000000000000000000000000000000000000000000000000000000000000000000000000000000000000000000000000000000000000000000000000000000000000000000000000000000,,,,01111111,00001000,0000000000000000000010000000000000000000000000000000000001000000,,,,,,,01111100101001111110110010001111,iPhoneXR_U
46:6f:7d:99:5b:f1,00000000,00000000,,00000001,00000100,00000010000001000000101100010110,00110010,00001000,0000110000010010000110000010010000110000010010000110000001101100,00000011,00000001,00000001,00101101,00011010,0010110100000000000101111111111100000000000000000000000000000000000000000000000000000000000000000000000000000000000000000000000000000000000000000000000000000000000000000000000000000000000000000000000000000000,,,,01111111,00001000,0000000000000000000010000000000000000000000000000000000001000000,,,,,,,10001000011011011111110000111110,iPhoneXR_U
46:6f:7d:99:5b:f1,00000000,00000000,,00000001,00000100,00000010000001000000101100010110,00110010,00001000,0000110000010010000110000010010000110000010010000110000001101100,00000011,00000001,00000110,00101101,00011010,0010110100000000000101111111111100000000000000000000000000000000000000000000000000000000000000000000000000000000000000000000000000000000000000000000000000000000000000000000000000000000000000000000000000000000,,,,01111111,00001000,0000000000000000000010000000000000000000000000000000000001000000,,,,,,,01001011101011110110001110010100,iPhoneXR_U
46:6f:7d:99:5b:f1,00000000,00000000,,00000001,00000100,00000010000001000000101100010110,00110010,00001000,0000110000010010000110000010010000110000010010000110000001101100,00000011,00000001,00000110,00101101,00011010,0010110100000000000101111111111100000000000000000000000000000000000000000000000000000000000000000000000000000000000000000000000000000000000000000000000000000000000000000000000000000000000000000000000000000000,,,,01111111,00001000,0000000000000000000010000000000000000000000000000000000001000000,,,,,,,00000000000000000000000001000000,iPhoneXR_U
46:6f:7d:99:5b:f1,00000000,00000000,,00000001,00000100,00000010000001000000101100010110,00110010,00001000,0000110000010010000110000010010000110000010010000110000001101100,00000011,00000001,00001011,00101101,00011010,0010110100000000000101111111111100000000000000000000000000000000000000000000000000000000000000000000000000000000000000000000000000000000000000000000000000000000000000000000000000000000000000000000000000000000,,,,01111111,00001000,0000000000000000000010000000000000000000000000000000000001000000,,,,,,,11010001100000100010010000101010,iPhoneXR_U
46:6f:7d:99:5b:f1,00000000,00000000,,00000001,00000100,00000010000001000000101100010110,00110010,00001000,0000110000010010000110000010010000110000010010000110000001101100,00000011,00000001,00001011,00101101,00011010,0010110100000000000101111111111100000000000000000000000000000000000000000000000000000000000000000000000000000000000000000000000000000000000000000000000000000000000000000000000000000000000000000000000000000000,,,,01111111,00001000,0000000000000000000010000000000000000000000000000000000001000000,,,,,,,00100101010010000011010010011011,iPhoneXR_U
4a:1c:05:a6:55:4b,00000000,00000000,,00000001,00000100,00000010000001000000101100010110,00110010,00001000,0000110000010010000110000010010000110000010010000110000001101100,00000011,00000001,00000001,00101101,00011010,0010110100000000000101111111111100000000000000000000000000000000000000000000000000000000000000000000000000000000000000000000000000000000000000000000000000000000000000000000000000000000000000000000000000000000,,,,01111111,00001000,0000000000000000000010000000000000000000000000000000000001000000,,,,,,,11011000111000101000011101010100,iPhoneXR_U
4a:1c:05:a6:55:4b,00000000,00000000,,00000001,00000100,00000010000001000000101100010110,00110010,00001000,0000110000010010000110000010010000110000010010000110000001101100,00000011,00000001,00000001,00101101,00011010,0010110100000000000101111111111100000000000000000000000000000000000000000000000000000000000000000000000000000000000000000000000000000000000000000000000000000000000000000000000000000000000000000000000000000000,,,,01111111,00001000,0000000000000000000010000000000000000000000000000000000001000000,,,,,,,00101100001010001001011111100101,iPhoneXR_U
4a:1c:05:a6:55:4b,00000000,00000000,,00000001,00000100,00000010000001000000101100010110,00110010,00001000,0000110000010010000110000010010000110000010010000110000001101100,00000011,00000001,00000110,00101101,00011010,0010110100000000000101111111111100000000000000000000000000000000000000000000000000000000000000000000000000000000000000000000000000000000000000000000000000000000000000000000000000000000000000000000000000000000,,,,01111111,00001000,0000000000000000000010000000000000000000000000000000000001000000,,,,,,,01101111010001010001100111011111,iPhoneXR_U
4a:1c:05:a6:55:4b,00000000,00000000,,00000001,00000100,00000010000001000000101100010110,00110010,00001000,0000110000010010000110000010010000110000010010000110000001101100,00000011,00000001,00000110,00101101,00011010,0010110100000000000101111111111100000000000000000000000000000000000000000000000000000000000000000000000000000000000000000000000000000000000000000000000000000000000000000000000000000000000000000000000000000000,,,,01111111,00001000,0000000000000000000010000000000000000000000000000000000001000000,,,,,,,10011011100011110000100101101110,iPhoneXR_U
4a:1c:05:a6:55:4b,00000000,00000000,,00000001,00000100,00000010000001000000101100010110,00110010,00001000,0000110000010010000110000010010000110000010010000110000001101100,00000011,00000001,00001011,00101101,00011010,0010110100000000000101111111111100000000000000000000000000000000000000000000000000000000000000000000000000000000000000000000000000000000000000000000000000000000000000000000000000000000000000000000000000000000,,,,01111111,00001000,0000000000000000000010000000000000000000000000000000000001000000,,,,,,,01110101110001110100111111110001,iPhoneXR_U
4a:1c:05:a6:55:4b,00000000,00000000,,00000001,00000100,00000010000001000000101100010110,00110010,00001000,0000110000010010000110000010010000110000010010000110000001101100,00000011,00000001,00001011,00101101,00011010,0010110100000000000101111111111100000000000000000000000000000000000000000000000000000000000000000000000000000000000000000000000000000000000000000000000000000000000000000000000000000000000000000000000000000000,,,,01111111,00001000,0000000000000000000010000000000000000000000000000000000001000000,,,,,,,10000001000011010101111101000000,iPhoneXR_U
c2:d1:8a:0c:e0:6c,00000000,00000000,,00000001,00000100,00000010000001000000101100010110,00110010,00001000,0000110000010010000110000010010000110000010010000110000001101100,00000011,00000001,00000001,00101101,00011010,0010110101000000000101111111111100000000000000000000000000000000000000000000000000000000000000000000000000000000000000000000000000000000000000000000000000000000000000000000000000000000000000000000000000000000,,,,01111111,00001000,0000000000000000000010000000010000000000000000000000000001000000,,,,,,,00111100001100001001100010101100,iPhoneXR_U
c2:d1:8a:0c:e0:6c,00000000,00000000,,00000001,00000100,00000010000001000000101100010110,00110010,00001000,0000110000010010000110000010010000110000010010000110000001101100,00000011,00000001,00000110,00101101,00011010,0010110101000000000101111111111100000000000000000000000000000000000000000000000000000000000000000000000000000000000000000000000000000000000000000000000000000000000000000000000000000000000000000000000000000000,,,,01111111,00001000,0000000000000000000010000000010000000000000000000000000001000000,,,,,,,11010110110011100100011000101111,iPhoneXR_U
c2:d1:8a:0c:e0:6c,00000000,00000000,,00000001,00000100,00000010000001000000101100010110,00110010,00001000,0000110000010010000110000010010000110000010010000110000001101100,00000011,00000001,00001011,00101101,00011010,0010110101000000000101111111111100000000000000000000000000000000000000000000000000000000000000000000000000000000000000000000000000000000000000000000000000000000000000000000000000000000000000000000000000000000,,,,01111111,00001000,0000000000000000000010000000010000000000000000000000000001000000,,,,,,,00000000000000000000000001000000,iPhoneXR_U
0e:6b:fb:80:a8:1e,00000000,00000000,,00000001,00000100,00000010000001000000101100010110,00110010,00001000,0000110000010010000110000010010000110000010010000110000001101100,00000011,00000001,00000001,00101101,00011010,0010110101000000000101111111111100000000000000000000000000000000000000000000000000000000000000000000000000000000000000000000000000000000000000000000000000000000000000000000000000000000000000000000000000000000,,,,01111111,00001000,0000000000000000000010000000010000000000000000000000000001000000,,,,,,,01110110101011000101000000010111,iPhoneXR_U
0e:6b:fb:80:a8:1e,00000000,00000000,,00000001,00000100,00000010000001000000101100010110,00110010,00001000,0000110000010010000110000010010000110000010010000110000001101100,00000011,00000001,00000001,00101101,00011010,0010110101000000000101111111111100000000000000000000000000000000000000000000000000000000000000000000000000000000000000000000000000000000000000000000000000000000000000000000000000000000000000000000000000000000,,,,01111111,00001000,0000000000000000000010000000010000000000000000000000000001000000,,,,,,,01110110101011000101000000010111,iPhoneXR_U
0e:6b:fb:80:a8:1e,00000000,00000000,,00000001,00000100,00000010000001000000101100010110,00110010,00001000,0000110000010010000110000010010000110000010010000110000001101100,00000011,00000001,00000110,00101101,00011010,0010110101000000000101111111111100000000000000000000000000000000000000000000000000000000000000000000000000000000000000000000000000000000000000000000000000000000000000000000000000000000000000000000000000000000,,,,01111111,00001000,0000000000000000000010000000010000000000000000000000000001000000,,,,,,,01000001101001001101111100001100,iPhoneXR_U
0e:6b:fb:80:a8:1e,00000000,00000000,,00000001,00000100,00000010000001000000101100010110,00110010,00001000,0000110000010010000110000010010000110000010010000110000001101100,00000011,00000001,00001011,00101101,00011010,0010110101000000000101111111111100000000000000000000000000000000000000000000000000000000000000000000000000000000000000000000000000000000000000000000000000000000000000000000000000000000000000000000000000000000,,,,01111111,00001000,0000000000000000000010000000010000000000000000000000000001000000,,,,,,,00000000000000000000000001000000,iPhoneXR_U
2a:20:9b:2d:8b:dd,00000000,00000000,,00000001,00000100,00000010000001000000101100010110,00110010,00001000,0000110000010010000110000010010000110000010010000110000001101100,00000011,00000001,00000001,00101101,00011010,0010110101000000000101111111111100000000000000000000000000000000000000000000000000000000000000000000000000000000000000000000000000000000000000000000000000000000000000000000000000000000000000000000000000000000,,,,01111111,00001000,0000000000000000000010000000010000000000000000000000000001000000,,,,,,,11101000011101100011000010101010,iPhoneXR_U
2a:20:9b:2d:8b:dd,00000000,00000000,,00000001,00000100,00000010000001000000101100010110,00110010,00001000,0000110000010010000110000010010000110000010010000110000001101100,00000011,00000001,00000110,00101101,00011010,0010110101000000000101111111111100000000000000000000000000000000000000000000000000000000000000000000000000000000000000000000000000000000000000000000000000000000000000000000000000000000000000000000000000000000,,,,01111111,00001000,0000000000000000000010000000010000000000000000000000000001000000,,,,,,,00000010100010001110111000101001,iPhoneXR_U
2a:20:9b:2d:8b:dd,00000000,00000000,,00000001,00000100,00000010000001000000101100010110,00110010,00001000,0000110000010010000110000010010000110000010010000110000001101100,00000011,00000001,00001011,00101101,00011010,0010110101000000000101111111111100000000000000000000000000000000000000000000000000000000000000000000000000000000000000000000000000000000000000000000000000000000000000000000000000000000000000000000000000000000,,,,01111111,00001000,0000000000000000000010000000010000000000000000000000000001000000,,,,,,,00000000000000000000000001000000,iPhoneXR_U
e2:7f:10:d5:0c:af,00000000,00000000,,00000001,00000100,00000010000001000000101100010110,00110010,00001000,0000110000010010000110000010010000110000010010000110000001101100,00000011,00000001,00000001,00101101,00011010,0010110101000000000101111111111100000000000000000000000000000000000000000000000000000000000000000000000000000000000000000000000000000000000000000000000000000000000000000000000000000000000000000000000000000000,,,,01111111,00001000,0000000000000000000010000000010000000000000000000000000001000000,,,,,,,10001101110001101001011011011001,iPhoneXR_U
e2:7f:10:d5:0c:af,00000000,00000000,,00000001,00000100,00000010000001000000101100010110,00110010,00001000,0000110000010010000110000010010000110000010010000110000001101100,00000011,00000001,00000001,00101101,00011010,0010110101000000000101111111111100000000000000000000000000000000000000000000000000000000000000000000000000000000000000000000000000000000000000000000000000000000000000000000000000000000000000000000000000000000,,,,01111111,00001000,0000000000000000000010000000010000000000000000000000000001000000,,,,,,,10001101110001101001011011011001,iPhoneXR_U
e2:7f:10:d5:0c:af,00000000,00000000,,00000001,00000100,00000010000001000000101100010110,00110010,00001000,0000110000010010000110000010010000110000010010000110000001101100,00000011,00000001,00000001,00101101,00011010,0010110101000000000101111111111100000000000000000000000000000000000000000000000000000000000000000000000000000000000000000000000000000000000000000000000000000000000000000000000000000000000000000000000000000000,,,,01111111,00001000,0000000000000000000010000000010000000000000000000000000001000000,,,,,,,11010000100111111101011011010001,iPhoneXR_U
e2:7f:10:d5:0c:af,00000000,00000000,,00000001,00000100,00000010000001000000101100010110,00110010,00001000,0000110000010010000110000010010000110000010010000110000001101100,00000011,00000001,00000110,00101101,00011010,0010110101000000000101111111111100000000000000000000000000000000000000000000000000000000000000000000000000000000000000000000000000000000000000000000000000000000000000000000000000000000000000000000000000000000,,,,01111111,00001000,0000000000000000000010000000010000000000000000000000000001000000,,,,,,,00111010011000010000100001010010,iPhoneXR_U
e2:7f:10:d5:0c:af,00000000,00000000,,00000001,00000100,00000010000001000000101100010110,00110010,00001000,0000110000010010000110000010010000110000010010000110000001101100,00000011,00000001,00000110,00101101,00011010,0010110101000000000101111111111100000000000000000000000000000000000000000000000000000000000000000000000000000000000000000000000000000000000000000000000000000000000000000000000000000000000000000000000000000000,,,,01111111,00001000,0000000000000000000010000000010000000000000000000000000001000000,,,,,,,00010011010111010100100101111011,iPhoneXR_U
e2:7f:10:d5:0c:af,00000000,00000000,,00000001,00000100,00000010000001000000101100010110,00110010,00001000,0000110000010010000110000010010000110000010010000110000001101100,00000011,00000001,00001011,00101101,00011010,0010110101000000000101111111111100000000000000000000000000000000000000000000000000000000000000000000000000000000000000000000000000000000000000000000000000000000000000000000000000000000000000000000000000000000,,,,01111111,00001000,0000000000000000000010000000010000000000000000000000000001000000,,,,,,,00000000000000000000000001000000,iPhoneXR_U
e2:7f:10:d5:0c:af,00000000,00000000,,00000001,00000100,00000010000001000000101100010110,00110010,00001000,0000110000010010000110000010010000110000010010000110000001101100,00000011,00000001,00001011,00101101,00011010,0010110101000000000101111111111100000000000000000000000000000000000000000000000000000000000000000000000000000000000000000000000000000000000000000000000000000000000000000000000000000000000000000000000000000000,,,,01111111,00001000,0000000000000000000010000000010000000000000000000000000001000000,,,,,,,00000000000000000000000001000000,iPhoneXR_U
6e:1d:81:45:40:1a,00000000,00000000,,00000001,00000100,00000010000001000000101100010110,00110010,00001000,0000110000010010000110000010010000110000010010000110000001101100,00000011,00000001,00000001,00101101,00011010,0010110101000000000101111111111100000000000000000000000000000000000000000000000000000000000000000000000000000000000000000000000000000000000000000000000000000000000000000000000000000000000000000000000000000000,,,,01111111,00001000,0000000000000000000010000000010000000000000000000000000001000000,,,,,,,11011100010011011111001101010001,iPhoneXR_U
6e:1d:81:45:40:1a,00000000,00000000,,00000001,00000100,00000010000001000000101100010110,00110010,00001000,0000110000010010000110000010010000110000010010000110000001101100,00000011,00000001,00000110,00101101,00011010,0010110101000000000101111111111100000000000000000000000000000000000000000000000000000000000000000000000000000000000000000000000000000000000000000000000000000000000000000000000000000000000000000000000000000000,,,,01111111,00001000,0000000000000000000010000000010000000000000000000000000001000000,,,,,,,00110110101100110010110111010010,iPhoneXR_U
6e:1d:81:45:40:1a,00000000,00000000,,00000001,00000100,00000010000001000000101100010110,00110010,00001000,0000110000010010000110000010010000110000010010000110000001101100,00000011,00000001,00001011,00101101,00011010,0010110101000000000101111111111100000000000000000000000000000000000000000000000000000000000000000000000000000000000000000000000000000000000000000000000000000000000000000000000000000000000000000000000000000000,,,,01111111,00001000,0000000000000000000010000000010000000000000000000000000001000000,,,,,,,00000000000000000000000001000000,iPhoneXR_U
3e:4b:06:de:4d:0e,00000000,00000000,,00000001,00000100,00000010000001000000101100010110,00110010,00001000,0000110000010010000110000010010000110000010010000110000001101100,00000011,00000001,00000001,00101101,00011010,0010110101000000000101111111111100000000000000000000000000000000000000000000000000000000000000000000000000000000000000000000000000000000000000000000000000000000000000000000000000000000000000000000000000000000,,,,01111111,00001000,0000000000000000000010000000010000000000000000000000000001000000,,,,,,,11111010001110010110101010101100,iPhoneXR_U
3e:4b:06:de:4d:0e,00000000,00000000,,00000001,00000100,00000010000001000000101100010110,00110010,00001000,0000110000010010000110000010010000110000010010000110000001101100,00000011,00000001,00000110,00101101,00011010,0010110101000000000101111111111100000000000000000000000000000000000000000000000000000000000000000000000000000000000000000000000000000000000000000000000000000000000000000000000000000000000000000000000000000000,,,,01111111,00001000,0000000000000000000010000000010000000000000000000000000001000000,,,,,,,00011101101001001110000000110011,iPhoneXR_U
3e:4b:06:de:4d:0e,00000000,00000000,,00000001,00000100,00000010000001000000101100010110,00110010,00001000,0000110000010010000110000010010000110000010010000110000001101100,00000011,00000001,00001011,00101101,00011010,0010110101000000000101111111111100000000000000000000000000000000000000000000000000000000000000000000000000000000000000000000000000000000000000000000000000000000000000000000000000000000000000000000000000000000,,,,01111111,00001000,0000000000000000000010000000010000000000000000000000000001000000,,,,,,,00000000000000000000000001000000,iPhoneXR_U
4a:6e:ac:d6:9a:98,00000000,00000000,,00000001,00000100,00000010000001000000101100010110,00110010,00001000,0000110000010010000110000010010000110000010010000110000001101100,00000011,00000001,00000110,00101101,00011010,0010110101000000000101111111111100000000000000000000000000000000000000000000000000000000000000000000000000000000000000000000000000000000000000000000000000000000000000000000000000000000000000000000000000000000,,,,01111111,00001000,0000000000000000000010000000010000000000000000000000000001000000,,,,,,,10010001000010000010110001100001,iPhoneXR_U
4a:6e:ac:d6:9a:98,00000000,00000000,,00000001,00000100,00000010000001000000101100010110,00110010,00001000,0000110000010010000110000010010000110000010010000110000001101100,00000011,00000001,00000110,00101101,00011010,0010110101000000000101111111111100000000000000000000000000000000000000000000000000000000000000000000000000000000000000000000000000000000000000000000000000000000000000000000000000000000000000000000000000000000,,,,01111111,00001000,0000000000000000000010000000010000000000000000000000000001000000,,,,,,,01100101110000100011110011010000,iPhoneXR_U
4a:6e:ac:d6:9a:98,00000000,00000000,,00000001,00000100,00000010000001000000101100010110,00110010,00001000,0000110000010010000110000010010000110000010010000110000001101100,00000011,00000001,00001011,00101101,00011010,0010110101000000000101111111111100000000000000000000000000000000000000000000000000000000000000000000000000000000000000000000000000000000000000000000000000000000000000000000000000000000000000000000000000000000,,,,01111111,00001000,0000000000000000000010000000010000000000000000000000000001000000,,,,,,,00000000000000000000000001000000,iPhoneXR_U
4a:6e:ac:d6:9a:98,00000000,00000000,,00000001,00000100,00000010000001000000101100010110,00110010,00001000,0000110000010010000110000010010000110000010010000110000001101100,00000011,00000001,00001011,00101101,00011010,0010110101000000000101111111111100000000000000000000000000000000000000000000000000000000000000000000000000000000000000000000000000000000000000000000000000000000000000000000000000000000000000000000000000000000,,,,01111111,00001000,0000000000000000000010000000010000000000000000000000000001000000,,,,,,,00000000000000000000000001000000,iPhoneXR_U
16:5c:62:0a:ea:ee,00000000,00000000,,00000001,00000100,00000010000001000000101100010110,00110010,00001000,0000110000010010000110000010010000110000010010000110000001101100,00000011,00000001,00000001,00101101,00011010,0010110101000000000101111111111100000000000000000000000000000000000000000000000000000000000000000000000000000000000000000000000000000000000000000000000000000000000000000000000000000000000000000000000000000000,,,,01111111,00001000,0000000000000000000010000000010000000000000000000000000001000000,,,,,,,11011101001001001111110010101010,iPhoneXR_U
16:5c:62:0a:ea:ee,00000000,00000000,,00000001,00000100,00000010000001000000101100010110,00110010,00001000,0000110000010010000110000010010000110000010010000110000001101100,00000011,00000001,00000110,00101101,00011010,0010110101000000000101111111111100000000000000000000000000000000000000000000000000000000000000000000000000000000000000000000000000000000000000000000000000000000000000000000000000000000000000000000000000000000,,,,01111111,00001000,0000000000000000000010000000010000000000000000000000000001000000,,,,,,,01101010100000110110001000100001,iPhoneXR_U
16:5c:62:0a:ea:ee,00000000,00000000,,00000001,00000100,00000010000001000000101100010110,00110010,00001000,0000110000010010000110000010010000110000010010000110000001101100,00000011,00000001,00000110,00101101,00011010,0010110101000000000101111111111100000000000000000000000000000000000000000000000000000000000000000000000000000000000000000000000000000000000000000000000000000000000000000000000000000000000000000000000000000000,,,,01111111,00001000,0000000000000000000010000000010000000000000000000000000001000000,,,,,,,10011110010010010111001010010000,iPhoneXR_U
16:5c:62:0a:ea:ee,00000000,00000000,,00000001,00000100,00000010000001000000101100010110,00110010,00001000,0000110000010010000110000010010000110000010010000110000001101100,00000011,00000001,00000110,00101101,00011010,0010110101000000000101111111111100000000000000000000000000000000000000000000000000000000000000000000000000000000000000000000000000000000000000000000000000000000000000000000000000000000000000000000000000000000,,,,01111111,00001000,0000000000000000000010000000010000000000000000000000000001000000,,,,,,,10011110010010010111001010010000,iPhoneXR_U
16:5c:62:0a:ea:ee,00000000,00000000,,00000001,00000100,00000010000001000000101100010110,00110010,00001000,0000110000010010000110000010010000110000010010000110000001101100,00000011,00000001,00001011,00101101,00011010,0010110101000000000101111111111100000000000000000000000000000000000000000000000000000000000000000000000000000000000000000000000000000000000000000000000000000000000000000000000000000000000000000000000000000000,,,,01111111,00001000,0000000000000000000010000000010000000000000000000000000001000000,,,,,,,00000000000000000000000001000000,iPhoneXR_U
16:5c:62:0a:ea:ee,00000000,00000000,,00000001,00000100,00000010000001000000101100010110,00110010,00001000,0000110000010010000110000010010000110000010010000110000001101100,00000011,00000001,00001011,00101101,00011010,0010110101000000000101111111111100000000000000000000000000000000000000000000000000000000000000000000000000000000000000000000000000000000000000000000000000000000000000000000000000000000000000000000000000000000,,,,01111111,00001000,0000000000000000000010000000010000000000000000000000000001000000,,,,,,,00000000000000000000000001000000,iPhoneXR_U
36:0a:a7:de:19:ed,00000000,00000000,,00000001,00000100,00000010000001000000101100010110,00110010,00001000,0000110000010010000110000010010000110000010010000110000001101100,00000011,00000001,00000001,00101101,00011010,0010110101000000000101111111111100000000000000000000000000000000000000000000000000000000000000000000000000000000000000000000000000000000000000000000000000000000000000000000000000000000000000000000000000000000,,,,01111111,00001000,0000000000000000000010000000010000000000000000000000000001000000,,,,,,,01001101111010100010000111111101,iPhoneXR_U
36:0a:a7:de:19:ed,00000000,00000000,,00000001,00000100,00000010000001000000101100010110,00110010,00001000,0000110000010010000110000010010000110000010010000110000001101100,00000011,00000001,00000001,00101101,00011010,0010110101000000000101111111111100000000000000000000000000000000000000000000000000000000000000000000000000000000000000000000000000000000000000000000000000000000000000000000000000000000000000000000000000000000,,,,01111111,00001000,0000000000000000000010000000010000000000000000000000000001000000,,,,,,,00000011100100101011000101011100,iPhoneXR_U
36:0a:a7:de:19:ed,00000000,00000000,,00000001,00000100,00000010000001000000101100010110,00110010,00001000,0000110000010010000110000010010000110000010010000110000001101100,00000011,00000001,00000110,00101101,00011010,0010110101000000000101111111111100000000000000000000000000000000000000000000000000000000000000000000000000000000000000000000000000000000000000000000000000000000000000000000000000000000000000000000000000000000,,,,01111111,00001000,0000000000000000000010000000010000000000000000000000000001000000,,,,,,,11101001011011000110111111011111,iPhoneXR_U
36:0a:a7:de:19:ed,00000000,00000000,,00000001,00000100,00000010000001000000101100010110,00110010,00001000,0000110000010010000110000010010000110000010010000110000001101100,00000011,00000001,00000110,00101101,00011010,0010110101000000000101111111111100000000000000000000000000000000000000000000000000000000000000000000000000000000000000000000000000000000000000000000000000000000000000000000000000000000000000000000000000000000,,,,01111111,00001000,0000000000000000000010000000010000000000000000000000000001000000,,,,,,,10110100001101010010111111010111,iPhoneXR_U
36:0a:a7:de:19:ed,00000000,00000000,,00000001,00000100,00000010000001000000101100010110,00110010,00001000,0000110000010010000110000010010000110000010010000110000001101100,00000011,00000001,00001011,00101101,00011010,0010110101000000000101111111111100000000000000000000000000000000000000000000000000000000000000000000000000000000000000000000000000000000000000000000000000000000000000000000000000000000000000000000000000000000,,,,01111111,00001000,0000000000000000000010000000010000000000000000000000000001000000,,,,,,,00000000000000000000000001000000,iPhoneXR_U
36:0a:a7:de:19:ed,00000000,00000000,,00000001,00000100,00000010000001000000101100010110,00110010,00001000,0000110000010010000110000010010000110000010010000110000001101100,00000011,00000001,00001011,00101101,00011010,0010110101000000000101111111111100000000000000000000000000000000000000000000000000000000000000000000000000000000000000000000000000000000000000000000000000000000000000000000000000000000000000000000000000000000,,,,01111111,00001000,0000000000000000000010000000010000000000000000000000000001000000,,,,,,,00000000000000000000000001000000,iPhoneXR_U
12:4e:f0:07:72:0d,00000000,00000000,,00000001,00000100,00000010000001000000101100010110,00110010,00001000,0000110000010010000110000010010000110000010010000110000001101100,00000011,00000001,00000110,00101101,00011010,0010110101000000000101111111111100000000000000000000000000000000000000000000000000000000000000000000000000000000000000000000000000000000000000000000000000000000000000000000000000000000000000000000000000000000,,,,01111111,00001000,0000000000000000000010000000010000000000000000000000000001000000,,,,,,,00110000011010010010010100010000,iPhoneXR_U
12:4e:f0:07:72:0d,00000000,00000000,,00000001,00000100,00000010000001000000101100010110,00110010,00001000,0000110000010010000110000010010000110000010010000110000001101100,00000011,00000001,00000110,00101101,00011010,0010110101000000000101111111111100000000000000000000000000000000000000000000000000000000000000000000000000000000000000000000000000000000000000000000000000000000000000000000000000000000000000000000000000000000,,,,01111111,00001000,0000000000000000000010000000010000000000000000000000000001000000,,,,,,,11101101100111110111010010001000,iPhoneXR_U
d2:63:44:ee:c9:d4,00000000,00000000,,00000001,00000100,00000010000001000000101100010110,00110010,00001000,0000110000010010000110000010010000110000010010000110000001101100,00000011,00000001,00000110,00101101,00011010,0010110101000000000101111111111100000000000000000000000000000000000000000000000000000000000000000000000000000000000000000000000000000000000000000000000000000000000000000000000000000000000000000000000000000000,,,,01111111,00001000,0000000000000000000010000000010000000000000000000000000001000000,,,,,,,11001111101101101110000011100000,iPhoneXR_U
d2:63:44:ee:c9:d4,00000000,00000000,,00000001,00000100,00000010000001000000101100010110,00110010,00001000,0000110000010010000110000010010000110000010010000110000001101100,00000011,00000001,00000110,00101101,00011010,0010110101000000000101111111111100000000000000000000000000000000000000000000000000000000000000000000000000000000000000000000000000000000000000000000000000000000000000000000000000000000000000000000000000000000,,,,01111111,00001000,0000000000000000000010000000010000000000000000000000000001000000,,,,,,,11100110100010101010000111001001,iPhoneXR_U
d2:63:44:ee:c9:d4,00000000,00000000,,00000001,00000100,00000010000001000000101100010110,00110010,00001000,0000110000010010000110000010010000110000010010000110000001101100,00000011,00000001,00001011,00101101,00011010,0010110101000000000101111111111100000000000000000000000000000000000000000000000000000000000000000000000000000000000000000000000000000000000000000000000000000000000000000000000000000000000000000000000000000000,,,,01111111,00001000,0000000000000000000010000000010000000000000000000000000001000000,,,,,,,00000000000000000000000001000000,iPhoneXR_U
d2:63:44:ee:c9:d4,00000000,00000000,,00000001,00000100,00000010000001000000101100010110,00110010,00001000,0000110000010010000110000010010000110000010010000110000001101100,00000011,00000001,00001011,00101101,00011010,0010110101000000000101111111111100000000000000000000000000000000000000000000000000000000000000000000000000000000000000000000000000000000000000000000000000000000000000000000000000000000000000000000000000000000,,,,01111111,00001000,0000000000000000000010000000010000000000000000000000000001000000,,,,,,,00000000000000000000000001000000,iPhoneXR_U
9a:dd:95:de:40:3e,00000000,00000000,,00000001,00000100,00000010000001000000101100010110,00110010,00001000,0000110000010010000110000010010000110000010010000110000001101100,00000011,00000001,00000001,00101101,00011010,0010110101000000000101111111111100000000000000000000000000000000000000000000000000000000000000000000000000000000000000000000000000000000000000000000000000000000000000000000000000000000000000000000000000000000,,,,01111111,00001000,0000000000000000000010000000010000000000000000000000000001000000,,,,,,,10101010110010011111001011111001,iPhoneXR_U
9a:dd:95:de:40:3e,00000000,00000000,,00000001,00000100,00000010000001000000101100010110,00110010,00001000,0000110000010010000110000010010000110000010010000110000001101100,00000011,00000001,00000110,00101101,00011010,0010110101000000000101111111111100000000000000000000000000000000000000000000000000000000000000000000000000000000000000000000000000000000000000000000000000000000000000000000000000000000000000000000000000000000,,,,01111111,00001000,0000000000000000000010000000010000000000000000000000000001000000,,,,,,,00011101011011100110110001110010,iPhoneXR_U
9a:dd:95:de:40:3e,00000000,00000000,,00000001,00000100,00000010000001000000101100010110,00110010,00001000,0000110000010010000110000010010000110000010010000110000001101100,00000011,00000001,00000110,00101101,00011010,0010110101000000000101111111111100000000000000000000000000000000000000000000000000000000000000000000000000000000000000000000000000000000000000000000000000000000000000000000000000000000000000000000000000000000,,,,01111111,00001000,0000000000000000000010000000010000000000000000000000000001000000,,,,,,,11101001101001000111110011000011,iPhoneXR_U
9a:dd:95:de:40:3e,00000000,00000000,,00000001,00000100,00000010000001000000101100010110,00110010,00001000,0000110000010010000110000010010000110000010010000110000001101100,00000011,00000001,00001011,00101101,00011010,0010110101000000000101111111111100000000000000000000000000000000000000000000000000000000000000000000000000000000000000000000000000000000000000000000000000000000000000000000000000000000000000000000000000000000,,,,01111111,00001000,0000000000000000000010000000010000000000000000000000000001000000,,,,,,,00000000000000000000000001000000,iPhoneXR_U
9a:dd:95:de:40:3e,00000000,00000000,,00000001,00000100,00000010000001000000101100010110,00110010,00001000,0000110000010010000110000010010000110000010010000110000001101100,00000011,00000001,00001011,00101101,00011010,0010110101000000000101111111111100000000000000000000000000000000000000000000000000000000000000000000000000000000000000000000000000000000000000000000000000000000000000000000000000000000000000000000000000000000,,,,01111111,00001000,0000000000000000000010000000010000000000000000000000000001000000,,,,,,,00000000000000000000000001000000,iPhoneXR_U
2e:cf:5a:3c:e6:ee,00000000,00000000,,00000001,00000100,00000010000001000000101100010110,00110010,00001000,0000110000010010000110000010010000110000010010000110000001101100,00000011,00000001,00000110,00101101,00011010,0010110101000000000101111111111100000000000000000000000000000000000000000000000000000000000000000000000000000000000000000000000000000000000000000000000000000000000000000000000000000000000000000000000000000000,,,,01111111,00001000,0000000000000000000010000000010000000000000000000000000001000000,,,,,,,11000001101110000110110100010011,iPhoneXR_U
2e:cf:5a:3c:e6:ee,00000000,00000000,,00000001,00000100,00000010000001000000101100010110,00110010,00001000,0000110000010010000110000010010000110000010010000110000001101100,00000011,00000001,00001011,00101101,00011010,0010110101000000000101111111111100000000000000000000000000000000000000000000000000000000000000000000000000000000000000000000000000000000000000000000000000000000000000000000000000000000000000000000000000000000,,,,01111111,00001000,0000000000000000000010000000010000000000000000000000000001000000,,,,,,,00000000000000000000000001000000,iPhoneXR_U
