Timestamp,MAC Address,Channel,DS Channel,Vendor Specific Tags,SSID,VHT Capabilities,HE Capabilities,Length,Label,Supported Rates 1,Supported Rates 2,Supported Rates 3,Supported Rates 4,Supported Rates 5,Supported Rates 6,Supported Rates 7,Supported Rates 8,Extended Supported Rates 1,Extended Supported Rates 2,Extended Supported Rates 3,Extended Supported Rates 4,Extended Supported Rates 5,Extended Supported Rates 6,Extended Supported Rates 7,Extended Supported Rates 8,L_SIG_TXOP_Protection,Forty_Mhz_Intolerant,PSMP,DSSS_CCK,Max_A_MSDU,Delayed_BlockAck,Rx_STBC,Tx_STBC,Short_GI_40Mhz,Short_GI_20Mhz,Green_Field,SM_Power_Save,Supported_Channel_Width,LDPC_Coding_Capability,res1,Min_MPDCU_Start_Spacing,Max_A_MPDU_Length_Exponent,res2,TX_Unequal_Modulation,TX_Max_Spatial_Streams,TX_RX_MCS_Set_Not_Equal,TX_MCS_Set_Defined,res3,RX_Highest_Supported_Data_Rate,res4,RX_MSC_Bitmask,res5,RD_Responder,HTC_HT_Support,MCS_Feedback,res6,PCO_Transition_Time,PCO,res7,Channel_Estimation_Capability,CSI_max_n_Rows_Beamformer_Supported,Compressed_Steering_n_Beamformer_Antennas_Supported,Noncompressed_Steering_n_Beamformer_Antennas_Supported,CSI_n_Beamformer_Antennas_Supported,Minimal_Grouping,Explicit_Compressed_Beamforming_Feedback,Explicit_Noncompressed_Beamforming_Feedback,Explicit_Transmit_Beamforming_CSI_Feedback,Explicit_Compressed_Steering,Explicit_Noncompressed_Steering,Explicit_CSI_Transmit_Beamforming,Calibration,Implicit_Trasmit_Beamforming,Transmit_NDP,Receive_NDP,Transmit_Staggered_Sounding,Receive_Staggered_Sounding,Implicit_Transmit_Beamforming_Receiving,20_40_BSS_Coexistence_Management_Support,Reserved_1,Extended_Channel_Switching,Reserved_2,PSMP_Capability,Reserved_3,SPSMP_Support,Event,Diagnostics,Multicast_Diagnostic,Location_Tracking,FMS,Proxy_Arp_Service,Collocated_Interference_Reporting,Civic_Location,Geospatial_Location,TFS,WNM_Sleep_Mode,TIM_Broadcast,BSS_Transition,QoS_Traffic_Capability,AC_Station_Count,Multiple_BSSID,Timing_Measurement,Channel_Usage,SSID_List,DMS,UTC_Timing,TPU_Buffer_STA_Support,TDLS_Peer_PSM,TDLS_Channel_Switching,Interworking,QoS_Map,EBR,SSPN_Interface,Reserved_4,MSGCF_Capability,TDLS_Support,TDLS_Prohibited,TDLS_Channel_Switching_Prohibited,Reject_Unadmitted_Frame,Service_Interval_Granularity,Service_Interval_Granularity,Service_Interval_Granularity,Identifier_Location,U_APSD_Coexistence,WNM_Notification,QAB_Capability,UTF_8_SSID,QMF_Activated,QMF_ReconfigurationActivated,Robust_AV_Streaming,Advanced_GCR,Mesh_GCR,SCS,QLoad_Report,Alternate_EDCA,Unprotected_TXOP,Protected_RXOP,Reserved_5,Protected_QLoad_Report,TDLS_Wide_Bandwidth,Operating_Mode_Notification,Max_Number_Of_MSDUs_In_A_MPDU,Max_Number_Of_MSDUs_In_A_MPDU,Channel_Schedule_Management,Geodatabase_Inband_Enabling_Signal,Network_Channel_Control,White_Space_Map,Channel_Availability_Query,FTM_Responder,FTM_Initiator,Reserved_6,ESM_Capability,Future_Channel_Guidance
1684590721.864466,d2:6b:aa:b5:fb:ed,1,1,,,,23010808180080203002000d009f08000000fdfffdff391cc7711c07,135,iPhone12Pro_C,65.0,66.0,69.5,75.0,,,,,6.0,9.0,12.0,18.0,24.0,36.0,48.0,54.0,0,0,0,0,0,0,0,0,0,1,0,3,0,1,0,6,3,0,0,0,0,0,0,0,0,255,0,0,0,0,0,0,0,0,0,0,0,0,0,0,0,0,0,0,0,0,0,0,0,0,0,0,0,,,,,,,,,,,,
1684590721.884716,d2:6b:aa:b5:fb:ed,1,1,,,,23010808180080203002000d009f08000000fdfffdff391cc7711c07,135,iPhone12Pro_C,65.0,66.0,69.5,75.0,,,,,6.0,9.0,12.0,18.0,24.0,36.0,48.0,54.0,0,0,0,0,0,0,0,0,0,1,0,3,0,1,0,6,3,0,0,0,0,0,0,0,0,255,0,0,0,0,0,0,0,0,0,0,0,0,0,0,0,0,0,0,0,0,0,0,0,0,0,0,0,,,,,,,,,,,,
1684590721.910542,d2:6b:aa:b5:fb:ed,6,6,,,,23010808180080203002000d009f08000000fdfffdff391cc7711c07,135,iPhone12Pro_C,65.0,66.0,69.5,75.0,,,,,6.0,9.0,12.0,18.0,24.0,36.0,48.0,54.0,0,0,0,0,0,0,0,0,0,1,0,3,0,1,0,6,3,0,0,0,0,0,0,0,0,255,0,0,0,0,0,0,0,0,0,0,0,0,0,0,0,0,0,0,0,0,0,0,0,0,0,0,0,,,,,,,,,,,,
1684590721.930789,d2:6b:aa:b5:fb:ed,6,6,,,,23010808180080203002000d009f08000000fdfffdff391cc7711c07,135,iPhone12Pro_C,65.0,66.0,69.5,75.0,,,,,6.0,9.0,12.0,18.0,24.0,36.0,48.0,54.0,0,0,0,0,0,0,0,0,0,1,0,3,0,1,0,6,3,0,0,0,0,0,0,0,0,255,0,0,0,0,0,0,0,0,0,0,0,0,0,0,0,0,0,0,0,0,0,0,0,0,0,0,0,,,,,,,,,,,,
1684590721.968746,d2:6b:aa:b5:fb:ed,11,11,,,,23010808180080203002000d009f08000000fdfffdff391cc7711c07,135,iPhone12Pro_C,65.0,66.0,69.5,75.0,,,,,6.0,9.0,12.0,18.0,24.0,36.0,48.0,54.0,0,0,0,0,0,0,0,0,0,1,0,3,0,1,0,6,3,0,0,0,0,0,0,0,0,255,0,0,0,0,0,0,0,0,0,0,0,0,0,0,0,0,0,0,0,0,0,0,0,0,0,0,0,,,,,,,,,,,,
1684590721.988718,d2:6b:aa:b5:fb:ed,11,11,,,,23010808180080203002000d009f08000000fdfffdff391cc7711c07,135,iPhone12Pro_C,65.0,66.0,69.5,75.0,,,,,6.0,9.0,12.0,18.0,24.0,36.0,48.0,54.0,0,0,0,0,0,0,0,0,0,1,0,3,0,1,0,6,3,0,0,0,0,0,0,0,0,255,0,0,0,0,0,0,0,0,0,0,0,0,0,0,0,0,0,0,0,0,0,0,0,0,0,0,0,,,,,,,,,,,,
1684590722.014694,d2:6b:aa:b5:fb:ed,11,13,,,,23010808180080203002000d009f08000000fdfffdff391cc7711c07,135,iPhone12Pro_C,65.0,66.0,69.5,75.0,,,,,6.0,9.0,12.0,18.0,24.0,36.0,48.0,54.0,0,0,0,0,0,0,0,0,0,1,0,3,0,1,0,6,3,0,0,0,0,0,0,0,0,255,0,0,0,0,0,0,0,0,0,0,0,0,0,0,0,0,0,0,0,0,0,0,0,0,0,0,0,,,,,,,,,,,,
1684590722.034973,d2:6b:aa:b5:fb:ed,11,13,,,,23010808180080203002000d009f08000000fdfffdff391cc7711c07,135,iPhone12Pro_C,65.0,66.0,69.5,75.0,,,,,6.0,9.0,12.0,18.0,24.0,36.0,48.0,54.0,0,0,0,0,0,0,0,0,0,1,0,3,0,1,0,6,3,0,0,0,0,0,0,0,0,255,0,0,0,0,0,0,0,0,0,0,0,0,0,0,0,0,0,0,0,0,0,0,0,0,0,0,0,,,,,,,,,,,,
1684590801.379011,d2:6b:aa:b5:fb:ed,1,1,,,,23010808180080203002000d009f08000000fdfffdff391cc7711c07,135,iPhone12Pro_C,65.0,66.0,69.5,75.0,,,,,6.0,9.0,12.0,18.0,24.0,36.0,48.0,54.0,0,0,0,0,0,0,0,0,0,1,0,3,0,1,0,6,3,0,0,0,0,0,0,0,0,255,0,0,0,0,0,0,0,0,0,0,0,0,0,0,0,0,0,0,0,0,0,0,0,0,0,0,0,,,,,,,,,,,,
1684590801.399264,d2:6b:aa:b5:fb:ed,1,1,,,,23010808180080203002000d009f08000000fdfffdff391cc7711c07,135,iPhone12Pro_C,65.0,66.0,69.5,75.0,,,,,6.0,9.0,12.0,18.0,24.0,36.0,48.0,54.0,0,0,0,0,0,0,0,0,0,1,0,3,0,1,0,6,3,0,0,0,0,0,0,0,0,255,0,0,0,0,0,0,0,0,0,0,0,0,0,0,0,0,0,0,0,0,0,0,0,0,0,0,0,,,,,,,,,,,,
1684590801.424992,d2:6b:aa:b5:fb:ed,6,6,,,,23010808180080203002000d009f08000000fdfffdff391cc7711c07,135,iPhone12Pro_C,65.0,66.0,69.5,75.0,,,,,6.0,9.0,12.0,18.0,24.0,36.0,48.0,54.0,0,0,0,0,0,0,0,0,0,1,0,3,0,1,0,6,3,0,0,0,0,0,0,0,0,255,0,0,0,0,0,0,0,0,0,0,0,0,0,0,0,0,0,0,0,0,0,0,0,0,0,0,0,,,,,,,,,,,,
1684590801.445048,d2:6b:aa:b5:fb:ed,6,6,,,,23010808180080203002000d009f08000000fdfffdff391cc7711c07,135,iPhone12Pro_C,65.0,66.0,69.5,75.0,,,,,6.0,9.0,12.0,18.0,24.0,36.0,48.0,54.0,0,0,0,0,0,0,0,0,0,1,0,3,0,1,0,6,3,0,0,0,0,0,0,0,0,255,0,0,0,0,0,0,0,0,0,0,0,0,0,0,0,0,0,0,0,0,0,0,0,0,0,0,0,,,,,,,,,,,,
1684590801.445053,d2:6b:aa:b5:fb:ed,1,6,,,,23010808180080203002000d009f08000000fdfffdff391cc7711c07,135,iPhone12Pro_C,65.0,66.0,69.5,75.0,,,,,6.0,9.0,12.0,18.0,24.0,36.0,48.0,54.0,0,0,0,0,0,0,0,0,0,1,0,3,0,1,0,6,3,0,0,0,0,0,0,0,0,255,0,0,0,0,0,0,0,0,0,0,0,0,0,0,0,0,0,0,0,0,0,0,0,0,0,0,0,,,,,,,,,,,,
1684590801.473128,d2:6b:aa:b5:fb:ed,11,11,,,,23010808180080203002000d009f08000000fdfffdff391cc7711c07,135,iPhone12Pro_C,65.0,66.0,69.5,75.0,,,,,6.0,9.0,12.0,18.0,24.0,36.0,48.0,54.0,0,0,0,0,0,0,0,0,0,1,0,3,0,1,0,6,3,0,0,0,0,0,0,0,0,255,0,0,0,0,0,0,0,0,0,0,0,0,0,0,0,0,0,0,0,0,0,0,0,0,0,0,0,,,,,,,,,,,,
1684590801.493327,d2:6b:aa:b5:fb:ed,11,11,,,,23010808180080203002000d009f08000000fdfffdff391cc7711c07,135,iPhone12Pro_C,65.0,66.0,69.5,75.0,,,,,6.0,9.0,12.0,18.0,24.0,36.0,48.0,54.0,0,0,0,0,0,0,0,0,0,1,0,3,0,1,0,6,3,0,0,0,0,0,0,0,0,255,0,0,0,0,0,0,0,0,0,0,0,0,0,0,0,0,0,0,0,0,0,0,0,0,0,0,0,,,,,,,,,,,,
1684590801.518874,d2:6b:aa:b5:fb:ed,11,13,,,,23010808180080203002000d009f08000000fdfffdff391cc7711c07,135,iPhone12Pro_C,65.0,66.0,69.5,75.0,,,,,6.0,9.0,12.0,18.0,24.0,36.0,48.0,54.0,0,0,0,0,0,0,0,0,0,1,0,3,0,1,0,6,3,0,0,0,0,0,0,0,0,255,0,0,0,0,0,0,0,0,0,0,0,0,0,0,0,0,0,0,0,0,0,0,0,0,0,0,0,,,,,,,,,,,,
1684590801.539214,d2:6b:aa:b5:fb:ed,11,13,,,,23010808180080203002000d009f08000000fdfffdff391cc7711c07,135,iPhone12Pro_C,65.0,66.0,69.5,75.0,,,,,6.0,9.0,12.0,18.0,24.0,36.0,48.0,54.0,0,0,0,0,0,0,0,0,0,1,0,3,0,1,0,6,3,0,0,0,0,0,0,0,0,255,0,0,0,0,0,0,0,0,0,0,0,0,0,0,0,0,0,0,0,0,0,0,0,0,0,0,0,,,,,,,,,,,,
1684590913.290201,d2:6b:aa:b5:fb:ed,1,1,,,,23010808180080203002000d009f08000000fdfffdff391cc7711c07,135,iPhone12Pro_C,65.0,66.0,69.5,75.0,,,,,6.0,9.0,12.0,18.0,24.0,36.0,48.0,54.0,0,0,0,0,0,0,0,0,0,1,0,3,0,1,0,6,3,0,0,0,0,0,0,0,0,255,0,0,0,0,0,0,0,0,0,0,0,0,0,0,0,0,0,0,0,0,0,0,0,0,0,0,0,,,,,,,,,,,,
1684590913.310169,d2:6b:aa:b5:fb:ed,1,1,,,,23010808180080203002000d009f08000000fdfffdff391cc7711c07,135,iPhone12Pro_C,65.0,66.0,69.5,75.0,,,,,6.0,9.0,12.0,18.0,24.0,36.0,48.0,54.0,0,0,0,0,0,0,0,0,0,1,0,3,0,1,0,6,3,0,0,0,0,0,0,0,0,255,0,0,0,0,0,0,0,0,0,0,0,0,0,0,0,0,0,0,0,0,0,0,0,0,0,0,0,,,,,,,,,,,,
1684590913.335951,d2:6b:aa:b5:fb:ed,6,6,,,,23010808180080203002000d009f08000000fdfffdff391cc7711c07,135,iPhone12Pro_C,65.0,66.0,69.5,75.0,,,,,6.0,9.0,12.0,18.0,24.0,36.0,48.0,54.0,0,0,0,0,0,0,0,0,0,1,0,3,0,1,0,6,3,0,0,0,0,0,0,0,0,255,0,0,0,0,0,0,0,0,0,0,0,0,0,0,0,0,0,0,0,0,0,0,0,0,0,0,0,,,,,,,,,,,,
1684590913.356513,d2:6b:aa:b5:fb:ed,6,6,,,,23010808180080203002000d009f08000000fdfffdff391cc7711c07,135,iPhone12Pro_C,65.0,66.0,69.5,75.0,,,,,6.0,9.0,12.0,18.0,24.0,36.0,48.0,54.0,0,0,0,0,0,0,0,0,0,1,0,3,0,1,0,6,3,0,0,0,0,0,0,0,0,255,0,0,0,0,0,0,0,0,0,0,0,0,0,0,0,0,0,0,0,0,0,0,0,0,0,0,0,,,,,,,,,,,,
1684590913.382523,d2:6b:aa:b5:fb:ed,11,11,,,,23010808180080203002000d009f08000000fdfffdff391cc7711c07,135,iPhone12Pro_C,65.0,66.0,69.5,75.0,,,,,6.0,9.0,12.0,18.0,24.0,36.0,48.0,54.0,0,0,0,0,0,0,0,0,0,1,0,3,0,1,0,6,3,0,0,0,0,0,0,0,0,255,0,0,0,0,0,0,0,0,0,0,0,0,0,0,0,0,0,0,0,0,0,0,0,0,0,0,0,,,,,,,,,,,,
1684590913.402745,d2:6b:aa:b5:fb:ed,11,11,,,,23010808180080203002000d009f08000000fdfffdff391cc7711c07,135,iPhone12Pro_C,65.0,66.0,69.5,75.0,,,,,6.0,9.0,12.0,18.0,24.0,36.0,48.0,54.0,0,0,0,0,0,0,0,0,0,1,0,3,0,1,0,6,3,0,0,0,0,0,0,0,0,255,0,0,0,0,0,0,0,0,0,0,0,0,0,0,0,0,0,0,0,0,0,0,0,0,0,0,0,,,,,,,,,,,,
1684590913.428498,d2:6b:aa:b5:fb:ed,11,13,,,,23010808180080203002000d009f08000000fdfffdff391cc7711c07,135,iPhone12Pro_C,65.0,66.0,69.5,75.0,,,,,6.0,9.0,12.0,18.0,24.0,36.0,48.0,54.0,0,0,0,0,0,0,0,0,0,1,0,3,0,1,0,6,3,0,0,0,0,0,0,0,0,255,0,0,0,0,0,0,0,0,0,0,0,0,0,0,0,0,0,0,0,0,0,0,0,0,0,0,0,,,,,,,,,,,,
1684590913.448746,d2:6b:aa:b5:fb:ed,11,13,,,,23010808180080203002000d009f08000000fdfffdff391cc7711c07,135,iPhone12Pro_C,65.0,66.0,69.5,75.0,,,,,6.0,9.0,12.0,18.0,24.0,36.0,48.0,54.0,0,0,0,0,0,0,0,0,0,1,0,3,0,1,0,6,3,0,0,0,0,0,0,0,0,255,0,0,0,0,0,0,0,0,0,0,0,0,0,0,0,0,0,0,0,0,0,0,0,0,0,0,0,,,,,,,,,,,,
1684591001.838959,d2:6b:aa:b5:fb:ed,1,1,,,,23010808180080203002000d009f08000000fdfffdff391cc7711c07,135,iPhone12Pro_C,65.0,66.0,69.5,75.0,,,,,6.0,9.0,12.0,18.0,24.0,36.0,48.0,54.0,0,0,0,0,0,0,0,0,0,1,0,3,0,1,0,6,3,0,0,0,0,0,0,0,0,255,0,0,0,0,0,0,0,0,0,0,0,0,0,0,0,0,0,0,0,0,0,0,0,0,0,0,0,,,,,,,,,,,,
1684591001.859405,d2:6b:aa:b5:fb:ed,1,1,,,,23010808180080203002000d009f08000000fdfffdff391cc7711c07,135,iPhone12Pro_C,65.0,66.0,69.5,75.0,,,,,6.0,9.0,12.0,18.0,24.0,36.0,48.0,54.0,0,0,0,0,0,0,0,0,0,1,0,3,0,1,0,6,3,0,0,0,0,0,0,0,0,255,0,0,0,0,0,0,0,0,0,0,0,0,0,0,0,0,0,0,0,0,0,0,0,0,0,0,0,,,,,,,,,,,,
1684591001.884995,d2:6b:aa:b5:fb:ed,6,6,,,,23010808180080203002000d009f08000000fdfffdff391cc7711c07,135,iPhone12Pro_C,65.0,66.0,69.5,75.0,,,,,6.0,9.0,12.0,18.0,24.0,36.0,48.0,54.0,0,0,0,0,0,0,0,0,0,1,0,3,0,1,0,6,3,0,0,0,0,0,0,0,0,255,0,0,0,0,0,0,0,0,0,0,0,0,0,0,0,0,0,0,0,0,0,0,0,0,0,0,0,,,,,,,,,,,,
1684591001.905386,d2:6b:aa:b5:fb:ed,6,6,,,,23010808180080203002000d009f08000000fdfffdff391cc7711c07,135,iPhone12Pro_C,65.0,66.0,69.5,75.0,,,,,6.0,9.0,12.0,18.0,24.0,36.0,48.0,54.0,0,0,0,0,0,0,0,0,0,1,0,3,0,1,0,6,3,0,0,0,0,0,0,0,0,255,0,0,0,0,0,0,0,0,0,0,0,0,0,0,0,0,0,0,0,0,0,0,0,0,0,0,0,,,,,,,,,,,,
1684591001.90539,d2:6b:aa:b5:fb:ed,11,6,,,,23010808180080203002000d009f08000000fdfffdff391cc7711c07,135,iPhone12Pro_C,65.0,66.0,69.5,75.0,,,,,6.0,9.0,12.0,18.0,24.0,36.0,48.0,54.0,0,0,0,0,0,0,0,0,0,1,0,3,0,1,0,6,3,0,0,0,0,0,0,0,0,255,0,0,0,0,0,0,0,0,0,0,0,0,0,0,0,0,0,0,0,0,0,0,0,0,0,0,0,,,,,,,,,,,,
1684591001.931523,d2:6b:aa:b5:fb:ed,11,11,,,,23010808180080203002000d009f08000000fdfffdff391cc7711c07,135,iPhone12Pro_C,65.0,66.0,69.5,75.0,,,,,6.0,9.0,12.0,18.0,24.0,36.0,48.0,54.0,0,0,0,0,0,0,0,0,0,1,0,3,0,1,0,6,3,0,0,0,0,0,0,0,0,255,0,0,0,0,0,0,0,0,0,0,0,0,0,0,0,0,0,0,0,0,0,0,0,0,0,0,0,,,,,,,,,,,,
1684591001.951772,d2:6b:aa:b5:fb:ed,11,11,,,,23010808180080203002000d009f08000000fdfffdff391cc7711c07,135,iPhone12Pro_C,65.0,66.0,69.5,75.0,,,,,6.0,9.0,12.0,18.0,24.0,36.0,48.0,54.0,0,0,0,0,0,0,0,0,0,1,0,3,0,1,0,6,3,0,0,0,0,0,0,0,0,255,0,0,0,0,0,0,0,0,0,0,0,0,0,0,0,0,0,0,0,0,0,0,0,0,0,0,0,,,,,,,,,,,,
1684591001.97747,d2:6b:aa:b5:fb:ed,11,13,,,,23010808180080203002000d009f08000000fdfffdff391cc7711c07,135,iPhone12Pro_C,65.0,66.0,69.5,75.0,,,,,6.0,9.0,12.0,18.0,24.0,36.0,48.0,54.0,0,0,0,0,0,0,0,0,0,1,0,3,0,1,0,6,3,0,0,0,0,0,0,0,0,255,0,0,0,0,0,0,0,0,0,0,0,0,0,0,0,0,0,0,0,0,0,0,0,0,0,0,0,,,,,,,,,,,,
1684591001.997721,d2:6b:aa:b5:fb:ed,11,13,,,,23010808180080203002000d009f08000000fdfffdff391cc7711c07,135,iPhone12Pro_C,65.0,66.0,69.5,75.0,,,,,6.0,9.0,12.0,18.0,24.0,36.0,48.0,54.0,0,0,0,0,0,0,0,0,0,1,0,3,0,1,0,6,3,0,0,0,0,0,0,0,0,255,0,0,0,0,0,0,0,0,0,0,0,0,0,0,0,0,0,0,0,0,0,0,0,0,0,0,0,,,,,,,,,,,,
1684591167.809272,d2:6b:aa:b5:fb:ed,1,1,,,,23010808180080203002000d009f08000000fdfffdff391cc7711c07,135,iPhone12Pro_C,65.0,66.0,69.5,75.0,,,,,6.0,9.0,12.0,18.0,24.0,36.0,48.0,54.0,0,0,0,0,0,0,0,0,0,1,0,3,0,1,0,6,3,0,0,0,0,0,0,0,0,255,0,0,0,0,0,0,0,0,0,0,0,0,0,0,0,0,0,0,0,0,0,0,0,0,0,0,0,,,,,,,,,,,,
1684591167.829557,d2:6b:aa:b5:fb:ed,1,1,,,,23010808180080203002000d009f08000000fdfffdff391cc7711c07,135,iPhone12Pro_C,65.0,66.0,69.5,75.0,,,,,6.0,9.0,12.0,18.0,24.0,36.0,48.0,54.0,0,0,0,0,0,0,0,0,0,1,0,3,0,1,0,6,3,0,0,0,0,0,0,0,0,255,0,0,0,0,0,0,0,0,0,0,0,0,0,0,0,0,0,0,0,0,0,0,0,0,0,0,0,,,,,,,,,,,,
1684591167.855154,d2:6b:aa:b5:fb:ed,6,6,,,,23010808180080203002000d009f08000000fdfffdff391cc7711c07,135,iPhone12Pro_C,65.0,66.0,69.5,75.0,,,,,6.0,9.0,12.0,18.0,24.0,36.0,48.0,54.0,0,0,0,0,0,0,0,0,0,1,0,3,0,1,0,6,3,0,0,0,0,0,0,0,0,255,0,0,0,0,0,0,0,0,0,0,0,0,0,0,0,0,0,0,0,0,0,0,0,0,0,0,0,,,,,,,,,,,,
1684591167.875536,d2:6b:aa:b5:fb:ed,6,6,,,,23010808180080203002000d009f08000000fdfffdff391cc7711c07,135,iPhone12Pro_C,65.0,66.0,69.5,75.0,,,,,6.0,9.0,12.0,18.0,24.0,36.0,48.0,54.0,0,0,0,0,0,0,0,0,0,1,0,3,0,1,0,6,3,0,0,0,0,0,0,0,0,255,0,0,0,0,0,0,0,0,0,0,0,0,0,0,0,0,0,0,0,0,0,0,0,0,0,0,0,,,,,,,,,,,,
1684591167.901572,d2:6b:aa:b5:fb:ed,11,11,,,,23010808180080203002000d009f08000000fdfffdff391cc7711c07,135,iPhone12Pro_C,65.0,66.0,69.5,75.0,,,,,6.0,9.0,12.0,18.0,24.0,36.0,48.0,54.0,0,0,0,0,0,0,0,0,0,1,0,3,0,1,0,6,3,0,0,0,0,0,0,0,0,255,0,0,0,0,0,0,0,0,0,0,0,0,0,0,0,0,0,0,0,0,0,0,0,0,0,0,0,,,,,,,,,,,,
1684591167.921794,d2:6b:aa:b5:fb:ed,11,11,,,,23010808180080203002000d009f08000000fdfffdff391cc7711c07,135,iPhone12Pro_C,65.0,66.0,69.5,75.0,,,,,6.0,9.0,12.0,18.0,24.0,36.0,48.0,54.0,0,0,0,0,0,0,0,0,0,1,0,3,0,1,0,6,3,0,0,0,0,0,0,0,0,255,0,0,0,0,0,0,0,0,0,0,0,0,0,0,0,0,0,0,0,0,0,0,0,0,0,0,0,,,,,,,,,,,,
1684591167.953713,d2:6b:aa:b5:fb:ed,11,13,,,,23010808180080203002000d009f08000000fdfffdff391cc7711c07,135,iPhone12Pro_C,65.0,66.0,69.5,75.0,,,,,6.0,9.0,12.0,18.0,24.0,36.0,48.0,54.0,0,0,0,0,0,0,0,0,0,1,0,3,0,1,0,6,3,0,0,0,0,0,0,0,0,255,0,0,0,0,0,0,0,0,0,0,0,0,0,0,0,0,0,0,0,0,0,0,0,0,0,0,0,,,,,,,,,,,,
1684591167.967685,d2:6b:aa:b5:fb:ed,11,13,,,,23010808180080203002000d009f08000000fdfffdff391cc7711c07,135,iPhone12Pro_C,65.0,66.0,69.5,75.0,,,,,6.0,9.0,12.0,18.0,24.0,36.0,48.0,54.0,0,0,0,0,0,0,0,0,0,1,0,3,0,1,0,6,3,0,0,0,0,0,0,0,0,255,0,0,0,0,0,0,0,0,0,0,0,0,0,0,0,0,0,0,0,0,0,0,0,0,0,0,0,,,,,,,,,,,,
1684591352.508941,d2:6b:aa:b5:fb:ed,1,1,,,,23010808180080203002000d009f08000000fdfffdff391cc7711c07,135,iPhone12Pro_C,65.0,66.0,69.5,75.0,,,,,6.0,9.0,12.0,18.0,24.0,36.0,48.0,54.0,0,0,0,0,0,0,0,0,0,1,0,3,0,1,0,6,3,0,0,0,0,0,0,0,0,255,0,0,0,0,0,0,0,0,0,0,0,0,0,0,0,0,0,0,0,0,0,0,0,0,0,0,0,,,,,,,,,,,,
1684591352.529085,d2:6b:aa:b5:fb:ed,1,1,,,,23010808180080203002000d009f08000000fdfffdff391cc7711c07,135,iPhone12Pro_C,65.0,66.0,69.5,75.0,,,,,6.0,9.0,12.0,18.0,24.0,36.0,48.0,54.0,0,0,0,0,0,0,0,0,0,1,0,3,0,1,0,6,3,0,0,0,0,0,0,0,0,255,0,0,0,0,0,0,0,0,0,0,0,0,0,0,0,0,0,0,0,0,0,0,0,0,0,0,0,,,,,,,,,,,,
1684591352.52909,d2:6b:aa:b5:fb:ed,6,1,,,,23010808180080203002000d009f08000000fdfffdff391cc7711c07,135,iPhone12Pro_C,65.0,66.0,69.5,75.0,,,,,6.0,9.0,12.0,18.0,24.0,36.0,48.0,54.0,0,0,0,0,0,0,0,0,0,1,0,3,0,1,0,6,3,0,0,0,0,0,0,0,0,255,0,0,0,0,0,0,0,0,0,0,0,0,0,0,0,0,0,0,0,0,0,0,0,0,0,0,0,,,,,,,,,,,,
1684591352.555169,d2:6b:aa:b5:fb:ed,6,6,,,,23010808180080203002000d009f08000000fdfffdff391cc7711c07,135,iPhone12Pro_C,65.0,66.0,69.5,75.0,,,,,6.0,9.0,12.0,18.0,24.0,36.0,48.0,54.0,0,0,0,0,0,0,0,0,0,1,0,3,0,1,0,6,3,0,0,0,0,0,0,0,0,255,0,0,0,0,0,0,0,0,0,0,0,0,0,0,0,0,0,0,0,0,0,0,0,0,0,0,0,,,,,,,,,,,,
1684591352.57537,d2:6b:aa:b5:fb:ed,6,6,,,,23010808180080203002000d009f08000000fdfffdff391cc7711c07,135,iPhone12Pro_C,65.0,66.0,69.5,75.0,,,,,6.0,9.0,12.0,18.0,24.0,36.0,48.0,54.0,0,0,0,0,0,0,0,0,0,1,0,3,0,1,0,6,3,0,0,0,0,0,0,0,0,255,0,0,0,0,0,0,0,0,0,0,0,0,0,0,0,0,0,0,0,0,0,0,0,0,0,0,0,,,,,,,,,,,,
1684591352.601338,d2:6b:aa:b5:fb:ed,11,11,,,,23010808180080203002000d009f08000000fdfffdff391cc7711c07,135,iPhone12Pro_C,65.0,66.0,69.5,75.0,,,,,6.0,9.0,12.0,18.0,24.0,36.0,48.0,54.0,0,0,0,0,0,0,0,0,0,1,0,3,0,1,0,6,3,0,0,0,0,0,0,0,0,255,0,0,0,0,0,0,0,0,0,0,0,0,0,0,0,0,0,0,0,0,0,0,0,0,0,0,0,,,,,,,,,,,,
1684591352.621587,d2:6b:aa:b5:fb:ed,11,11,,,,23010808180080203002000d009f08000000fdfffdff391cc7711c07,135,iPhone12Pro_C,65.0,66.0,69.5,75.0,,,,,6.0,9.0,12.0,18.0,24.0,36.0,48.0,54.0,0,0,0,0,0,0,0,0,0,1,0,3,0,1,0,6,3,0,0,0,0,0,0,0,0,255,0,0,0,0,0,0,0,0,0,0,0,0,0,0,0,0,0,0,0,0,0,0,0,0,0,0,0,,,,,,,,,,,,
1684591352.647235,d2:6b:aa:b5:fb:ed,11,13,,,,23010808180080203002000d009f08000000fdfffdff391cc7711c07,135,iPhone12Pro_C,65.0,66.0,69.5,75.0,,,,,6.0,9.0,12.0,18.0,24.0,36.0,48.0,54.0,0,0,0,0,0,0,0,0,0,1,0,3,0,1,0,6,3,0,0,0,0,0,0,0,0,255,0,0,0,0,0,0,0,0,0,0,0,0,0,0,0,0,0,0,0,0,0,0,0,0,0,0,0,,,,,,,,,,,,
1684591352.667534,d2:6b:aa:b5:fb:ed,11,13,,,,23010808180080203002000d009f08000000fdfffdff391cc7711c07,135,iPhone12Pro_C,65.0,66.0,69.5,75.0,,,,,6.0,9.0,12.0,18.0,24.0,36.0,48.0,54.0,0,0,0,0,0,0,0,0,0,1,0,3,0,1,0,6,3,0,0,0,0,0,0,0,0,255,0,0,0,0,0,0,0,0,0,0,0,0,0,0,0,0,0,0,0,0,0,0,0,0,0,0,0,,,,,,,,,,,,
1684591442.814366,d2:6b:aa:b5:fb:ed,1,1,,,,23010808180080203002000d009f08000000fdfffdff391cc7711c07,135,iPhone12Pro_C,65.0,66.0,69.5,75.0,,,,,6.0,9.0,12.0,18.0,24.0,36.0,48.0,54.0,0,0,0,0,0,0,0,0,0,1,0,3,0,1,0,6,3,0,0,0,0,0,0,0,0,255,0,0,0,0,0,0,0,0,0,0,0,0,0,0,0,0,0,0,0,0,0,0,0,0,0,0,0,,,,,,,,,,,,
1684591442.81437,d2:6b:aa:b5:fb:ed,6,1,,,,23010808180080203002000d009f08000000fdfffdff391cc7711c07,135,iPhone12Pro_C,65.0,66.0,69.5,75.0,,,,,6.0,9.0,12.0,18.0,24.0,36.0,48.0,54.0,0,0,0,0,0,0,0,0,0,1,0,3,0,1,0,6,3,0,0,0,0,0,0,0,0,255,0,0,0,0,0,0,0,0,0,0,0,0,0,0,0,0,0,0,0,0,0,0,0,0,0,0,0,,,,,,,,,,,,
1684591442.834622,d2:6b:aa:b5:fb:ed,1,1,,,,23010808180080203002000d009f08000000fdfffdff391cc7711c07,135,iPhone12Pro_C,65.0,66.0,69.5,75.0,,,,,6.0,9.0,12.0,18.0,24.0,36.0,48.0,54.0,0,0,0,0,0,0,0,0,0,1,0,3,0,1,0,6,3,0,0,0,0,0,0,0,0,255,0,0,0,0,0,0,0,0,0,0,0,0,0,0,0,0,0,0,0,0,0,0,0,0,0,0,0,,,,,,,,,,,,
1684591442.860303,d2:6b:aa:b5:fb:ed,6,6,,,,23010808180080203002000d009f08000000fdfffdff391cc7711c07,135,iPhone12Pro_C,65.0,66.0,69.5,75.0,,,,,6.0,9.0,12.0,18.0,24.0,36.0,48.0,54.0,0,0,0,0,0,0,0,0,0,1,0,3,0,1,0,6,3,0,0,0,0,0,0,0,0,255,0,0,0,0,0,0,0,0,0,0,0,0,0,0,0,0,0,0,0,0,0,0,0,0,0,0,0,,,,,,,,,,,,
1684591442.880543,d2:6b:aa:b5:fb:ed,6,6,,,,23010808180080203002000d009f08000000fdfffdff391cc7711c07,135,iPhone12Pro_C,65.0,66.0,69.5,75.0,,,,,6.0,9.0,12.0,18.0,24.0,36.0,48.0,54.0,0,0,0,0,0,0,0,0,0,1,0,3,0,1,0,6,3,0,0,0,0,0,0,0,0,255,0,0,0,0,0,0,0,0,0,0,0,0,0,0,0,0,0,0,0,0,0,0,0,0,0,0,0,,,,,,,,,,,,
1684591442.906699,d2:6b:aa:b5:fb:ed,11,11,,,,23010808180080203002000d009f08000000fdfffdff391cc7711c07,135,iPhone12Pro_C,65.0,66.0,69.5,75.0,,,,,6.0,9.0,12.0,18.0,24.0,36.0,48.0,54.0,0,0,0,0,0,0,0,0,0,1,0,3,0,1,0,6,3,0,0,0,0,0,0,0,0,255,0,0,0,0,0,0,0,0,0,0,0,0,0,0,0,0,0,0,0,0,0,0,0,0,0,0,0,,,,,,,,,,,,
1684591442.926999,d2:6b:aa:b5:fb:ed,11,11,,,,23010808180080203002000d009f08000000fdfffdff391cc7711c07,135,iPhone12Pro_C,65.0,66.0,69.5,75.0,,,,,6.0,9.0,12.0,18.0,24.0,36.0,48.0,54.0,0,0,0,0,0,0,0,0,0,1,0,3,0,1,0,6,3,0,0,0,0,0,0,0,0,255,0,0,0,0,0,0,0,0,0,0,0,0,0,0,0,0,0,0,0,0,0,0,0,0,0,0,0,,,,,,,,,,,,
1684591442.952681,d2:6b:aa:b5:fb:ed,11,13,,,,23010808180080203002000d009f08000000fdfffdff391cc7711c07,135,iPhone12Pro_C,65.0,66.0,69.5,75.0,,,,,6.0,9.0,12.0,18.0,24.0,36.0,48.0,54.0,0,0,0,0,0,0,0,0,0,1,0,3,0,1,0,6,3,0,0,0,0,0,0,0,0,255,0,0,0,0,0,0,0,0,0,0,0,0,0,0,0,0,0,0,0,0,0,0,0,0,0,0,0,,,,,,,,,,,,
1684591442.972905,d2:6b:aa:b5:fb:ed,11,13,,,,23010808180080203002000d009f08000000fdfffdff391cc7711c07,135,iPhone12Pro_C,65.0,66.0,69.5,75.0,,,,,6.0,9.0,12.0,18.0,24.0,36.0,48.0,54.0,0,0,0,0,0,0,0,0,0,1,0,3,0,1,0,6,3,0,0,0,0,0,0,0,0,255,0,0,0,0,0,0,0,0,0,0,0,0,0,0,0,0,0,0,0,0,0,0,0,0,0,0,0,,,,,,,,,,,,
1684591528.742808,d2:6b:aa:b5:fb:ed,1,1,,,,23010808180080203002000d009f08000000fdfffdff391cc7711c07,135,iPhone12Pro_C,65.0,66.0,69.5,75.0,,,,,6.0,9.0,12.0,18.0,24.0,36.0,48.0,54.0,0,0,0,0,0,0,0,0,0,1,0,3,0,1,0,6,3,0,0,0,0,0,0,0,0,255,0,0,0,0,0,0,0,0,0,0,0,0,0,0,0,0,0,0,0,0,0,0,0,0,0,0,0,,,,,,,,,,,,
1684591528.763058,d2:6b:aa:b5:fb:ed,1,1,,,,23010808180080203002000d009f08000000fdfffdff391cc7711c07,135,iPhone12Pro_C,65.0,66.0,69.5,75.0,,,,,6.0,9.0,12.0,18.0,24.0,36.0,48.0,54.0,0,0,0,0,0,0,0,0,0,1,0,3,0,1,0,6,3,0,0,0,0,0,0,0,0,255,0,0,0,0,0,0,0,0,0,0,0,0,0,0,0,0,0,0,0,0,0,0,0,0,0,0,0,,,,,,,,,,,,
1684591528.788556,d2:6b:aa:b5:fb:ed,6,6,,,,23010808180080203002000d009f08000000fdfffdff391cc7711c07,135,iPhone12Pro_C,65.0,66.0,69.5,75.0,,,,,6.0,9.0,12.0,18.0,24.0,36.0,48.0,54.0,0,0,0,0,0,0,0,0,0,1,0,3,0,1,0,6,3,0,0,0,0,0,0,0,0,255,0,0,0,0,0,0,0,0,0,0,0,0,0,0,0,0,0,0,0,0,0,0,0,0,0,0,0,,,,,,,,,,,,
1684591528.788558,d2:6b:aa:b5:fb:ed,11,6,,,,23010808180080203002000d009f08000000fdfffdff391cc7711c07,135,iPhone12Pro_C,65.0,66.0,69.5,75.0,,,,,6.0,9.0,12.0,18.0,24.0,36.0,48.0,54.0,0,0,0,0,0,0,0,0,0,1,0,3,0,1,0,6,3,0,0,0,0,0,0,0,0,255,0,0,0,0,0,0,0,0,0,0,0,0,0,0,0,0,0,0,0,0,0,0,0,0,0,0,0,,,,,,,,,,,,
1684591528.809031,d2:6b:aa:b5:fb:ed,6,6,,,,23010808180080203002000d009f08000000fdfffdff391cc7711c07,135,iPhone12Pro_C,65.0,66.0,69.5,75.0,,,,,6.0,9.0,12.0,18.0,24.0,36.0,48.0,54.0,0,0,0,0,0,0,0,0,0,1,0,3,0,1,0,6,3,0,0,0,0,0,0,0,0,255,0,0,0,0,0,0,0,0,0,0,0,0,0,0,0,0,0,0,0,0,0,0,0,0,0,0,0,,,,,,,,,,,,
1684591528.835199,d2:6b:aa:b5:fb:ed,11,11,,,,23010808180080203002000d009f08000000fdfffdff391cc7711c07,135,iPhone12Pro_C,65.0,66.0,69.5,75.0,,,,,6.0,9.0,12.0,18.0,24.0,36.0,48.0,54.0,0,0,0,0,0,0,0,0,0,1,0,3,0,1,0,6,3,0,0,0,0,0,0,0,0,255,0,0,0,0,0,0,0,0,0,0,0,0,0,0,0,0,0,0,0,0,0,0,0,0,0,0,0,,,,,,,,,,,,
1684591528.855333,d2:6b:aa:b5:fb:ed,11,11,,,,23010808180080203002000d009f08000000fdfffdff391cc7711c07,135,iPhone12Pro_C,65.0,66.0,69.5,75.0,,,,,6.0,9.0,12.0,18.0,24.0,36.0,48.0,54.0,0,0,0,0,0,0,0,0,0,1,0,3,0,1,0,6,3,0,0,0,0,0,0,0,0,255,0,0,0,0,0,0,0,0,0,0,0,0,0,0,0,0,0,0,0,0,0,0,0,0,0,0,0,,,,,,,,,,,,
1684591528.881124,d2:6b:aa:b5:fb:ed,11,13,,,,23010808180080203002000d009f08000000fdfffdff391cc7711c07,135,iPhone12Pro_C,65.0,66.0,69.5,75.0,,,,,6.0,9.0,12.0,18.0,24.0,36.0,48.0,54.0,0,0,0,0,0,0,0,0,0,1,0,3,0,1,0,6,3,0,0,0,0,0,0,0,0,255,0,0,0,0,0,0,0,0,0,0,0,0,0,0,0,0,0,0,0,0,0,0,0,0,0,0,0,,,,,,,,,,,,
1684591528.901392,d2:6b:aa:b5:fb:ed,11,13,,,,23010808180080203002000d009f08000000fdfffdff391cc7711c07,135,iPhone12Pro_C,65.0,66.0,69.5,75.0,,,,,6.0,9.0,12.0,18.0,24.0,36.0,48.0,54.0,0,0,0,0,0,0,0,0,0,1,0,3,0,1,0,6,3,0,0,0,0,0,0,0,0,255,0,0,0,0,0,0,0,0,0,0,0,0,0,0,0,0,0,0,0,0,0,0,0,0,0,0,0,,,,,,,,,,,,
1684591629.581698,d2:6b:aa:b5:fb:ed,1,1,,,,23010808180080203002000d009f08000000fdfffdff391cc7711c07,135,iPhone12Pro_C,65.0,66.0,69.5,75.0,,,,,6.0,9.0,12.0,18.0,24.0,36.0,48.0,54.0,0,0,0,0,0,0,0,0,0,1,0,3,0,1,0,6,3,0,0,0,0,0,0,0,0,255,0,0,0,0,0,0,0,0,0,0,0,0,0,0,0,0,0,0,0,0,0,0,0,0,0,0,0,,,,,,,,,,,,
1684591629.602156,d2:6b:aa:b5:fb:ed,1,1,,,,23010808180080203002000d009f08000000fdfffdff391cc7711c07,135,iPhone12Pro_C,65.0,66.0,69.5,75.0,,,,,6.0,9.0,12.0,18.0,24.0,36.0,48.0,54.0,0,0,0,0,0,0,0,0,0,1,0,3,0,1,0,6,3,0,0,0,0,0,0,0,0,255,0,0,0,0,0,0,0,0,0,0,0,0,0,0,0,0,0,0,0,0,0,0,0,0,0,0,0,,,,,,,,,,,,
1684591629.627676,d2:6b:aa:b5:fb:ed,6,6,,,,23010808180080203002000d009f08000000fdfffdff391cc7711c07,135,iPhone12Pro_C,65.0,66.0,69.5,75.0,,,,,6.0,9.0,12.0,18.0,24.0,36.0,48.0,54.0,0,0,0,0,0,0,0,0,0,1,0,3,0,1,0,6,3,0,0,0,0,0,0,0,0,255,0,0,0,0,0,0,0,0,0,0,0,0,0,0,0,0,0,0,0,0,0,0,0,0,0,0,0,,,,,,,,,,,,
1684591629.647907,d2:6b:aa:b5:fb:ed,6,6,,,,23010808180080203002000d009f08000000fdfffdff391cc7711c07,135,iPhone12Pro_C,65.0,66.0,69.5,75.0,,,,,6.0,9.0,12.0,18.0,24.0,36.0,48.0,54.0,0,0,0,0,0,0,0,0,0,1,0,3,0,1,0,6,3,0,0,0,0,0,0,0,0,255,0,0,0,0,0,0,0,0,0,0,0,0,0,0,0,0,0,0,0,0,0,0,0,0,0,0,0,,,,,,,,,,,,
1684591629.673912,d2:6b:aa:b5:fb:ed,11,11,,,,23010808180080203002000d009f08000000fdfffdff391cc7711c07,135,iPhone12Pro_C,65.0,66.0,69.5,75.0,,,,,6.0,9.0,12.0,18.0,24.0,36.0,48.0,54.0,0,0,0,0,0,0,0,0,0,1,0,3,0,1,0,6,3,0,0,0,0,0,0,0,0,255,0,0,0,0,0,0,0,0,0,0,0,0,0,0,0,0,0,0,0,0,0,0,0,0,0,0,0,,,,,,,,,,,,
1684591629.694182,d2:6b:aa:b5:fb:ed,11,11,,,,23010808180080203002000d009f08000000fdfffdff391cc7711c07,135,iPhone12Pro_C,65.0,66.0,69.5,75.0,,,,,6.0,9.0,12.0,18.0,24.0,36.0,48.0,54.0,0,0,0,0,0,0,0,0,0,1,0,3,0,1,0,6,3,0,0,0,0,0,0,0,0,255,0,0,0,0,0,0,0,0,0,0,0,0,0,0,0,0,0,0,0,0,0,0,0,0,0,0,0,,,,,,,,,,,,
1684591629.719881,d2:6b:aa:b5:fb:ed,11,13,,,,23010808180080203002000d009f08000000fdfffdff391cc7711c07,135,iPhone12Pro_C,65.0,66.0,69.5,75.0,,,,,6.0,9.0,12.0,18.0,24.0,36.0,48.0,54.0,0,0,0,0,0,0,0,0,0,1,0,3,0,1,0,6,3,0,0,0,0,0,0,0,0,255,0,0,0,0,0,0,0,0,0,0,0,0,0,0,0,0,0,0,0,0,0,0,0,0,0,0,0,,,,,,,,,,,,
1684591629.74021,d2:6b:aa:b5:fb:ed,11,13,,,,23010808180080203002000d009f08000000fdfffdff391cc7711c07,135,iPhone12Pro_C,65.0,66.0,69.5,75.0,,,,,6.0,9.0,12.0,18.0,24.0,36.0,48.0,54.0,0,0,0,0,0,0,0,0,0,1,0,3,0,1,0,6,3,0,0,0,0,0,0,0,0,255,0,0,0,0,0,0,0,0,0,0,0,0,0,0,0,0,0,0,0,0,0,0,0,0,0,0,0,,,,,,,,,,,,
1684591790.874416,d2:6b:aa:b5:fb:ed,1,1,,,,23010808180080203002000d009f08000000fdfffdff391cc7711c07,135,iPhone12Pro_C,65.0,66.0,69.5,75.0,,,,,6.0,9.0,12.0,18.0,24.0,36.0,48.0,54.0,0,0,0,0,0,0,0,0,0,1,0,3,0,1,0,6,3,0,0,0,0,0,0,0,0,255,0,0,0,0,0,0,0,0,0,0,0,0,0,0,0,0,0,0,0,0,0,0,0,0,0,0,0,,,,,,,,,,,,
1684591790.894664,d2:6b:aa:b5:fb:ed,1,1,,,,23010808180080203002000d009f08000000fdfffdff391cc7711c07,135,iPhone12Pro_C,65.0,66.0,69.5,75.0,,,,,6.0,9.0,12.0,18.0,24.0,36.0,48.0,54.0,0,0,0,0,0,0,0,0,0,1,0,3,0,1,0,6,3,0,0,0,0,0,0,0,0,255,0,0,0,0,0,0,0,0,0,0,0,0,0,0,0,0,0,0,0,0,0,0,0,0,0,0,0,,,,,,,,,,,,
1684591790.920387,d2:6b:aa:b5:fb:ed,6,6,,,,23010808180080203002000d009f08000000fdfffdff391cc7711c07,135,iPhone12Pro_C,65.0,66.0,69.5,75.0,,,,,6.0,9.0,12.0,18.0,24.0,36.0,48.0,54.0,0,0,0,0,0,0,0,0,0,1,0,3,0,1,0,6,3,0,0,0,0,0,0,0,0,255,0,0,0,0,0,0,0,0,0,0,0,0,0,0,0,0,0,0,0,0,0,0,0,0,0,0,0,,,,,,,,,,,,
1684591790.940634,d2:6b:aa:b5:fb:ed,6,6,,,,23010808180080203002000d009f08000000fdfffdff391cc7711c07,135,iPhone12Pro_C,65.0,66.0,69.5,75.0,,,,,6.0,9.0,12.0,18.0,24.0,36.0,48.0,54.0,0,0,0,0,0,0,0,0,0,1,0,3,0,1,0,6,3,0,0,0,0,0,0,0,0,255,0,0,0,0,0,0,0,0,0,0,0,0,0,0,0,0,0,0,0,0,0,0,0,0,0,0,0,,,,,,,,,,,,
1684591790.966659,d2:6b:aa:b5:fb:ed,11,11,,,,23010808180080203002000d009f08000000fdfffdff391cc7711c07,135,iPhone12Pro_C,65.0,66.0,69.5,75.0,,,,,6.0,9.0,12.0,18.0,24.0,36.0,48.0,54.0,0,0,0,0,0,0,0,0,0,1,0,3,0,1,0,6,3,0,0,0,0,0,0,0,0,255,0,0,0,0,0,0,0,0,0,0,0,0,0,0,0,0,0,0,0,0,0,0,0,0,0,0,0,,,,,,,,,,,,
1684591790.987065,d2:6b:aa:b5:fb:ed,11,11,,,,23010808180080203002000d009f08000000fdfffdff391cc7711c07,135,iPhone12Pro_C,65.0,66.0,69.5,75.0,,,,,6.0,9.0,12.0,18.0,24.0,36.0,48.0,54.0,0,0,0,0,0,0,0,0,0,1,0,3,0,1,0,6,3,0,0,0,0,0,0,0,0,255,0,0,0,0,0,0,0,0,0,0,0,0,0,0,0,0,0,0,0,0,0,0,0,0,0,0,0,,,,,,,,,,,,
1684591791.01259,d2:6b:aa:b5:fb:ed,11,13,,,,23010808180080203002000d009f08000000fdfffdff391cc7711c07,135,iPhone12Pro_C,65.0,66.0,69.5,75.0,,,,,6.0,9.0,12.0,18.0,24.0,36.0,48.0,54.0,0,0,0,0,0,0,0,0,0,1,0,3,0,1,0,6,3,0,0,0,0,0,0,0,0,255,0,0,0,0,0,0,0,0,0,0,0,0,0,0,0,0,0,0,0,0,0,0,0,0,0,0,0,,,,,,,,,,,,
1684591791.032827,d2:6b:aa:b5:fb:ed,11,13,,,,23010808180080203002000d009f08000000fdfffdff391cc7711c07,135,iPhone12Pro_C,65.0,66.0,69.5,75.0,,,,,6.0,9.0,12.0,18.0,24.0,36.0,48.0,54.0,0,0,0,0,0,0,0,0,0,1,0,3,0,1,0,6,3,0,0,0,0,0,0,0,0,255,0,0,0,0,0,0,0,0,0,0,0,0,0,0,0,0,0,0,0,0,0,0,0,0,0,0,0,,,,,,,,,,,,
1684596879.948974,d2:6b:aa:b5:fb:ed,1,1,,,,23010808180080203002000d009f08000000fdfffdff391cc7711c07,135,iPhone12Pro_C,65.0,66.0,69.5,75.0,,,,,6.0,9.0,12.0,18.0,24.0,36.0,48.0,54.0,0,0,0,0,0,0,0,0,0,1,0,3,0,1,0,6,3,0,0,0,0,0,0,0,0,255,0,0,0,0,0,0,0,0,0,0,0,0,0,0,0,0,0,0,0,0,0,0,0,0,0,0,0,,,,,,,,,,,,
1684596879.969184,d2:6b:aa:b5:fb:ed,1,1,,,,23010808180080203002000d009f08000000fdfffdff391cc7711c07,135,iPhone12Pro_C,65.0,66.0,69.5,75.0,,,,,6.0,9.0,12.0,18.0,24.0,36.0,48.0,54.0,0,0,0,0,0,0,0,0,0,1,0,3,0,1,0,6,3,0,0,0,0,0,0,0,0,255,0,0,0,0,0,0,0,0,0,0,0,0,0,0,0,0,0,0,0,0,0,0,0,0,0,0,0,,,,,,,,,,,,
1684596879.995021,d2:6b:aa:b5:fb:ed,6,6,,,,23010808180080203002000d009f08000000fdfffdff391cc7711c07,135,iPhone12Pro_C,65.0,66.0,69.5,75.0,,,,,6.0,9.0,12.0,18.0,24.0,36.0,48.0,54.0,0,0,0,0,0,0,0,0,0,1,0,3,0,1,0,6,3,0,0,0,0,0,0,0,0,255,0,0,0,0,0,0,0,0,0,0,0,0,0,0,0,0,0,0,0,0,0,0,0,0,0,0,0,,,,,,,,,,,,
1684596880.050934,d2:6b:aa:b5:fb:ed,11,11,,,,23010808180080203002000d009f08000000fdfffdff391cc7711c07,135,iPhone12Pro_C,65.0,66.0,69.5,75.0,,,,,6.0,9.0,12.0,18.0,24.0,36.0,48.0,54.0,0,0,0,0,0,0,0,0,0,1,0,3,0,1,0,6,3,0,0,0,0,0,0,0,0,255,0,0,0,0,0,0,0,0,0,0,0,0,0,0,0,0,0,0,0,0,0,0,0,0,0,0,0,,,,,,,,,,,,
1684596880.071803,d2:6b:aa:b5:fb:ed,11,11,,,,23010808180080203002000d009f08000000fdfffdff391cc7711c07,135,iPhone12Pro_C,65.0,66.0,69.5,75.0,,,,,6.0,9.0,12.0,18.0,24.0,36.0,48.0,54.0,0,0,0,0,0,0,0,0,0,1,0,3,0,1,0,6,3,0,0,0,0,0,0,0,0,255,0,0,0,0,0,0,0,0,0,0,0,0,0,0,0,0,0,0,0,0,0,0,0,0,0,0,0,,,,,,,,,,,,
1684596880.097237,d2:6b:aa:b5:fb:ed,11,13,,,,23010808180080203002000d009f08000000fdfffdff391cc7711c07,135,iPhone12Pro_C,65.0,66.0,69.5,75.0,,,,,6.0,9.0,12.0,18.0,24.0,36.0,48.0,54.0,0,0,0,0,0,0,0,0,0,1,0,3,0,1,0,6,3,0,0,0,0,0,0,0,0,255,0,0,0,0,0,0,0,0,0,0,0,0,0,0,0,0,0,0,0,0,0,0,0,0,0,0,0,,,,,,,,,,,,
1684596880.11751,d2:6b:aa:b5:fb:ed,11,13,,,,23010808180080203002000d009f08000000fdfffdff391cc7711c07,135,iPhone12Pro_C,65.0,66.0,69.5,75.0,,,,,6.0,9.0,12.0,18.0,24.0,36.0,48.0,54.0,0,0,0,0,0,0,0,0,0,1,0,3,0,1,0,6,3,0,0,0,0,0,0,0,0,255,0,0,0,0,0,0,0,0,0,0,0,0,0,0,0,0,0,0,0,0,0,0,0,0,0,0,0,,,,,,,,,,,,
1684597018.716859,d2:6b:aa:b5:fb:ed,1,1,,,,23010808180080203002000d009f08000000fdfffdff391cc7711c07,135,iPhone12Pro_C,65.0,66.0,69.5,75.0,,,,,6.0,9.0,12.0,18.0,24.0,36.0,48.0,54.0,0,0,0,0,0,0,0,0,0,1,0,3,0,1,0,6,3,0,0,0,0,0,0,0,0,255,0,0,0,0,0,0,0,0,0,0,0,0,0,0,0,0,0,0,0,0,0,0,0,0,0,0,0,,,,,,,,,,,,
1684597018.737063,d2:6b:aa:b5:fb:ed,1,1,,,,23010808180080203002000d009f08000000fdfffdff391cc7711c07,135,iPhone12Pro_C,65.0,66.0,69.5,75.0,,,,,6.0,9.0,12.0,18.0,24.0,36.0,48.0,54.0,0,0,0,0,0,0,0,0,0,1,0,3,0,1,0,6,3,0,0,0,0,0,0,0,0,255,0,0,0,0,0,0,0,0,0,0,0,0,0,0,0,0,0,0,0,0,0,0,0,0,0,0,0,,,,,,,,,,,,
1684597018.762891,d2:6b:aa:b5:fb:ed,6,6,,,,23010808180080203002000d009f08000000fdfffdff391cc7711c07,135,iPhone12Pro_C,65.0,66.0,69.5,75.0,,,,,6.0,9.0,12.0,18.0,24.0,36.0,48.0,54.0,0,0,0,0,0,0,0,0,0,1,0,3,0,1,0,6,3,0,0,0,0,0,0,0,0,255,0,0,0,0,0,0,0,0,0,0,0,0,0,0,0,0,0,0,0,0,0,0,0,0,0,0,0,,,,,,,,,,,,
1684597018.783319,d2:6b:aa:b5:fb:ed,6,6,,,,23010808180080203002000d009f08000000fdfffdff391cc7711c07,135,iPhone12Pro_C,65.0,66.0,69.5,75.0,,,,,6.0,9.0,12.0,18.0,24.0,36.0,48.0,54.0,0,0,0,0,0,0,0,0,0,1,0,3,0,1,0,6,3,0,0,0,0,0,0,0,0,255,0,0,0,0,0,0,0,0,0,0,0,0,0,0,0,0,0,0,0,0,0,0,0,0,0,0,0,,,,,,,,,,,,
1684597018.809402,d2:6b:aa:b5:fb:ed,11,11,,,,23010808180080203002000d009f08000000fdfffdff391cc7711c07,135,iPhone12Pro_C,65.0,66.0,69.5,75.0,,,,,6.0,9.0,12.0,18.0,24.0,36.0,48.0,54.0,0,0,0,0,0,0,0,0,0,1,0,3,0,1,0,6,3,0,0,0,0,0,0,0,0,255,0,0,0,0,0,0,0,0,0,0,0,0,0,0,0,0,0,0,0,0,0,0,0,0,0,0,0,,,,,,,,,,,,
1684597018.829651,d2:6b:aa:b5:fb:ed,11,11,,,,23010808180080203002000d009f08000000fdfffdff391cc7711c07,135,iPhone12Pro_C,65.0,66.0,69.5,75.0,,,,,6.0,9.0,12.0,18.0,24.0,36.0,48.0,54.0,0,0,0,0,0,0,0,0,0,1,0,3,0,1,0,6,3,0,0,0,0,0,0,0,0,255,0,0,0,0,0,0,0,0,0,0,0,0,0,0,0,0,0,0,0,0,0,0,0,0,0,0,0,,,,,,,,,,,,
1684597018.895558,d2:6b:aa:b5:fb:ed,11,13,,,,23010808180080203002000d009f08000000fdfffdff391cc7711c07,135,iPhone12Pro_C,65.0,66.0,69.5,75.0,,,,,6.0,9.0,12.0,18.0,24.0,36.0,48.0,54.0,0,0,0,0,0,0,0,0,0,1,0,3,0,1,0,6,3,0,0,0,0,0,0,0,0,255,0,0,0,0,0,0,0,0,0,0,0,0,0,0,0,0,0,0,0,0,0,0,0,0,0,0,0,,,,,,,,,,,,
1684597111.178572,d2:6b:aa:b5:fb:ed,1,1,,,,23010808180080203002000d009f08000000fdfffdff391cc7711c07,135,iPhone12Pro_C,65.0,66.0,69.5,75.0,,,,,6.0,9.0,12.0,18.0,24.0,36.0,48.0,54.0,0,0,0,0,0,0,0,0,0,1,0,3,0,1,0,6,3,0,0,0,0,0,0,0,0,255,0,0,0,0,0,0,0,0,0,0,0,0,0,0,0,0,0,0,0,0,0,0,0,0,0,0,0,,,,,,,,,,,,
1684597111.198933,d2:6b:aa:b5:fb:ed,1,1,,,,23010808180080203002000d009f08000000fdfffdff391cc7711c07,135,iPhone12Pro_C,65.0,66.0,69.5,75.0,,,,,6.0,9.0,12.0,18.0,24.0,36.0,48.0,54.0,0,0,0,0,0,0,0,0,0,1,0,3,0,1,0,6,3,0,0,0,0,0,0,0,0,255,0,0,0,0,0,0,0,0,0,0,0,0,0,0,0,0,0,0,0,0,0,0,0,0,0,0,0,,,,,,,,,,,,
1684597111.224673,d2:6b:aa:b5:fb:ed,6,6,,,,23010808180080203002000d009f08000000fdfffdff391cc7711c07,135,iPhone12Pro_C,65.0,66.0,69.5,75.0,,,,,6.0,9.0,12.0,18.0,24.0,36.0,48.0,54.0,0,0,0,0,0,0,0,0,0,1,0,3,0,1,0,6,3,0,0,0,0,0,0,0,0,255,0,0,0,0,0,0,0,0,0,0,0,0,0,0,0,0,0,0,0,0,0,0,0,0,0,0,0,,,,,,,,,,,,
1684597111.273826,d2:6b:aa:b5:fb:ed,11,11,,,,23010808180080203002000d009f08000000fdfffdff391cc7711c07,135,iPhone12Pro_C,65.0,66.0,69.5,75.0,,,,,6.0,9.0,12.0,18.0,24.0,36.0,48.0,54.0,0,0,0,0,0,0,0,0,0,1,0,3,0,1,0,6,3,0,0,0,0,0,0,0,0,255,0,0,0,0,0,0,0,0,0,0,0,0,0,0,0,0,0,0,0,0,0,0,0,0,0,0,0,,,,,,,,,,,,
1684597111.29381,d2:6b:aa:b5:fb:ed,11,11,,,,23010808180080203002000d009f08000000fdfffdff391cc7711c07,135,iPhone12Pro_C,65.0,66.0,69.5,75.0,,,,,6.0,9.0,12.0,18.0,24.0,36.0,48.0,54.0,0,0,0,0,0,0,0,0,0,1,0,3,0,1,0,6,3,0,0,0,0,0,0,0,0,255,0,0,0,0,0,0,0,0,0,0,0,0,0,0,0,0,0,0,0,0,0,0,0,0,0,0,0,,,,,,,,,,,,
1684597111.319675,d2:6b:aa:b5:fb:ed,11,13,,,,23010808180080203002000d009f08000000fdfffdff391cc7711c07,135,iPhone12Pro_C,65.0,66.0,69.5,75.0,,,,,6.0,9.0,12.0,18.0,24.0,36.0,48.0,54.0,0,0,0,0,0,0,0,0,0,1,0,3,0,1,0,6,3,0,0,0,0,0,0,0,0,255,0,0,0,0,0,0,0,0,0,0,0,0,0,0,0,0,0,0,0,0,0,0,0,0,0,0,0,,,,,,,,,,,,
1684597111.339955,d2:6b:aa:b5:fb:ed,11,13,,,,23010808180080203002000d009f08000000fdfffdff391cc7711c07,135,iPhone12Pro_C,65.0,66.0,69.5,75.0,,,,,6.0,9.0,12.0,18.0,24.0,36.0,48.0,54.0,0,0,0,0,0,0,0,0,0,1,0,3,0,1,0,6,3,0,0,0,0,0,0,0,0,255,0,0,0,0,0,0,0,0,0,0,0,0,0,0,0,0,0,0,0,0,0,0,0,0,0,0,0,,,,,,,,,,,,
1684597214.197472,d2:6b:aa:b5:fb:ed,1,1,,,,23010808180080203002000d009f08000000fdfffdff391cc7711c07,135,iPhone12Pro_C,65.0,66.0,69.5,75.0,,,,,6.0,9.0,12.0,18.0,24.0,36.0,48.0,54.0,0,0,0,0,0,0,0,0,0,1,0,3,0,1,0,6,3,0,0,0,0,0,0,0,0,255,0,0,0,0,0,0,0,0,0,0,0,0,0,0,0,0,0,0,0,0,0,0,0,0,0,0,0,,,,,,,,,,,,
1684597214.217796,d2:6b:aa:b5:fb:ed,1,1,,,,23010808180080203002000d009f08000000fdfffdff391cc7711c07,135,iPhone12Pro_C,65.0,66.0,69.5,75.0,,,,,6.0,9.0,12.0,18.0,24.0,36.0,48.0,54.0,0,0,0,0,0,0,0,0,0,1,0,3,0,1,0,6,3,0,0,0,0,0,0,0,0,255,0,0,0,0,0,0,0,0,0,0,0,0,0,0,0,0,0,0,0,0,0,0,0,0,0,0,0,,,,,,,,,,,,
1684597214.267644,d2:6b:aa:b5:fb:ed,6,6,,,,23010808180080203002000d009f08000000fdfffdff391cc7711c07,135,iPhone12Pro_C,65.0,66.0,69.5,75.0,,,,,6.0,9.0,12.0,18.0,24.0,36.0,48.0,54.0,0,0,0,0,0,0,0,0,0,1,0,3,0,1,0,6,3,0,0,0,0,0,0,0,0,255,0,0,0,0,0,0,0,0,0,0,0,0,0,0,0,0,0,0,0,0,0,0,0,0,0,0,0,,,,,,,,,,,,
1684597214.287865,d2:6b:aa:b5:fb:ed,6,6,,,,23010808180080203002000d009f08000000fdfffdff391cc7711c07,135,iPhone12Pro_C,65.0,66.0,69.5,75.0,,,,,6.0,9.0,12.0,18.0,24.0,36.0,48.0,54.0,0,0,0,0,0,0,0,0,0,1,0,3,0,1,0,6,3,0,0,0,0,0,0,0,0,255,0,0,0,0,0,0,0,0,0,0,0,0,0,0,0,0,0,0,0,0,0,0,0,0,0,0,0,,,,,,,,,,,,
1684597214.314022,d2:6b:aa:b5:fb:ed,11,11,,,,23010808180080203002000d009f08000000fdfffdff391cc7711c07,135,iPhone12Pro_C,65.0,66.0,69.5,75.0,,,,,6.0,9.0,12.0,18.0,24.0,36.0,48.0,54.0,0,0,0,0,0,0,0,0,0,1,0,3,0,1,0,6,3,0,0,0,0,0,0,0,0,255,0,0,0,0,0,0,0,0,0,0,0,0,0,0,0,0,0,0,0,0,0,0,0,0,0,0,0,,,,,,,,,,,,
1684597214.334036,d2:6b:aa:b5:fb:ed,11,11,,,,23010808180080203002000d009f08000000fdfffdff391cc7711c07,135,iPhone12Pro_C,65.0,66.0,69.5,75.0,,,,,6.0,9.0,12.0,18.0,24.0,36.0,48.0,54.0,0,0,0,0,0,0,0,0,0,1,0,3,0,1,0,6,3,0,0,0,0,0,0,0,0,255,0,0,0,0,0,0,0,0,0,0,0,0,0,0,0,0,0,0,0,0,0,0,0,0,0,0,0,,,,,,,,,,,,
1684597214.359925,d2:6b:aa:b5:fb:ed,11,13,,,,23010808180080203002000d009f08000000fdfffdff391cc7711c07,135,iPhone12Pro_C,65.0,66.0,69.5,75.0,,,,,6.0,9.0,12.0,18.0,24.0,36.0,48.0,54.0,0,0,0,0,0,0,0,0,0,1,0,3,0,1,0,6,3,0,0,0,0,0,0,0,0,255,0,0,0,0,0,0,0,0,0,0,0,0,0,0,0,0,0,0,0,0,0,0,0,0,0,0,0,,,,,,,,,,,,
1684597214.380182,d2:6b:aa:b5:fb:ed,11,13,,,,23010808180080203002000d009f08000000fdfffdff391cc7711c07,135,iPhone12Pro_C,65.0,66.0,69.5,75.0,,,,,6.0,9.0,12.0,18.0,24.0,36.0,48.0,54.0,0,0,0,0,0,0,0,0,0,1,0,3,0,1,0,6,3,0,0,0,0,0,0,0,0,255,0,0,0,0,0,0,0,0,0,0,0,0,0,0,0,0,0,0,0,0,0,0,0,0,0,0,0,,,,,,,,,,,,
1684597345.146226,d2:6b:aa:b5:fb:ed,1,1,,,,23010808180080203002000d009f08000000fdfffdff391cc7711c07,135,iPhone12Pro_C,65.0,66.0,69.5,75.0,,,,,6.0,9.0,12.0,18.0,24.0,36.0,48.0,54.0,0,0,0,0,0,0,0,0,0,1,0,3,0,1,0,6,3,0,0,0,0,0,0,0,0,255,0,0,0,0,0,0,0,0,0,0,0,0,0,0,0,0,0,0,0,0,0,0,0,0,0,0,0,,,,,,,,,,,,
1684597345.166377,d2:6b:aa:b5:fb:ed,1,1,,,,23010808180080203002000d009f08000000fdfffdff391cc7711c07,135,iPhone12Pro_C,65.0,66.0,69.5,75.0,,,,,6.0,9.0,12.0,18.0,24.0,36.0,48.0,54.0,0,0,0,0,0,0,0,0,0,1,0,3,0,1,0,6,3,0,0,0,0,0,0,0,0,255,0,0,0,0,0,0,0,0,0,0,0,0,0,0,0,0,0,0,0,0,0,0,0,0,0,0,0,,,,,,,,,,,,
1684597345.192282,d2:6b:aa:b5:fb:ed,6,6,,,,23010808180080203002000d009f08000000fdfffdff391cc7711c07,135,iPhone12Pro_C,65.0,66.0,69.5,75.0,,,,,6.0,9.0,12.0,18.0,24.0,36.0,48.0,54.0,0,0,0,0,0,0,0,0,0,1,0,3,0,1,0,6,3,0,0,0,0,0,0,0,0,255,0,0,0,0,0,0,0,0,0,0,0,0,0,0,0,0,0,0,0,0,0,0,0,0,0,0,0,,,,,,,,,,,,
1684597345.212504,d2:6b:aa:b5:fb:ed,6,6,,,,23010808180080203002000d009f08000000fdfffdff391cc7711c07,135,iPhone12Pro_C,65.0,66.0,69.5,75.0,,,,,6.0,9.0,12.0,18.0,24.0,36.0,48.0,54.0,0,0,0,0,0,0,0,0,0,1,0,3,0,1,0,6,3,0,0,0,0,0,0,0,0,255,0,0,0,0,0,0,0,0,0,0,0,0,0,0,0,0,0,0,0,0,0,0,0,0,0,0,0,,,,,,,,,,,,
1684597501.94816,d2:6b:aa:b5:fb:ed,1,1,,,,23010808180080203002000d009f08000000fdfffdff391cc7711c07,135,iPhone12Pro_C,65.0,66.0,69.5,75.0,,,,,6.0,9.0,12.0,18.0,24.0,36.0,48.0,54.0,0,0,0,0,0,0,0,0,0,1,0,3,0,1,0,6,3,0,0,0,0,0,0,0,0,255,0,0,0,0,0,0,0,0,0,0,0,0,0,0,0,0,0,0,0,0,0,0,0,0,0,0,0,,,,,,,,,,,,
1684597501.968368,d2:6b:aa:b5:fb:ed,1,1,,,,23010808180080203002000d009f08000000fdfffdff391cc7711c07,135,iPhone12Pro_C,65.0,66.0,69.5,75.0,,,,,6.0,9.0,12.0,18.0,24.0,36.0,48.0,54.0,0,0,0,0,0,0,0,0,0,1,0,3,0,1,0,6,3,0,0,0,0,0,0,0,0,255,0,0,0,0,0,0,0,0,0,0,0,0,0,0,0,0,0,0,0,0,0,0,0,0,0,0,0,,,,,,,,,,,,
1684597501.994144,d2:6b:aa:b5:fb:ed,6,6,,,,23010808180080203002000d009f08000000fdfffdff391cc7711c07,135,iPhone12Pro_C,65.0,66.0,69.5,75.0,,,,,6.0,9.0,12.0,18.0,24.0,36.0,48.0,54.0,0,0,0,0,0,0,0,0,0,1,0,3,0,1,0,6,3,0,0,0,0,0,0,0,0,255,0,0,0,0,0,0,0,0,0,0,0,0,0,0,0,0,0,0,0,0,0,0,0,0,0,0,0,,,,,,,,,,,,
1684597502.014212,d2:6b:aa:b5:fb:ed,6,6,,,,23010808180080203002000d009f08000000fdfffdff391cc7711c07,135,iPhone12Pro_C,65.0,66.0,69.5,75.0,,,,,6.0,9.0,12.0,18.0,24.0,36.0,48.0,54.0,0,0,0,0,0,0,0,0,0,1,0,3,0,1,0,6,3,0,0,0,0,0,0,0,0,255,0,0,0,0,0,0,0,0,0,0,0,0,0,0,0,0,0,0,0,0,0,0,0,0,0,0,0,,,,,,,,,,,,
1684597502.040452,d2:6b:aa:b5:fb:ed,11,11,,,,23010808180080203002000d009f08000000fdfffdff391cc7711c07,135,iPhone12Pro_C,65.0,66.0,69.5,75.0,,,,,6.0,9.0,12.0,18.0,24.0,36.0,48.0,54.0,0,0,0,0,0,0,0,0,0,1,0,3,0,1,0,6,3,0,0,0,0,0,0,0,0,255,0,0,0,0,0,0,0,0,0,0,0,0,0,0,0,0,0,0,0,0,0,0,0,0,0,0,0,,,,,,,,,,,,
1684597502.060725,d2:6b:aa:b5:fb:ed,11,11,,,,23010808180080203002000d009f08000000fdfffdff391cc7711c07,135,iPhone12Pro_C,65.0,66.0,69.5,75.0,,,,,6.0,9.0,12.0,18.0,24.0,36.0,48.0,54.0,0,0,0,0,0,0,0,0,0,1,0,3,0,1,0,6,3,0,0,0,0,0,0,0,0,255,0,0,0,0,0,0,0,0,0,0,0,0,0,0,0,0,0,0,0,0,0,0,0,0,0,0,0,,,,,,,,,,,,
1684597502.086377,d2:6b:aa:b5:fb:ed,11,13,,,,23010808180080203002000d009f08000000fdfffdff391cc7711c07,135,iPhone12Pro_C,65.0,66.0,69.5,75.0,,,,,6.0,9.0,12.0,18.0,24.0,36.0,48.0,54.0,0,0,0,0,0,0,0,0,0,1,0,3,0,1,0,6,3,0,0,0,0,0,0,0,0,255,0,0,0,0,0,0,0,0,0,0,0,0,0,0,0,0,0,0,0,0,0,0,0,0,0,0,0,,,,,,,,,,,,
1684597502.106628,d2:6b:aa:b5:fb:ed,11,13,,,,23010808180080203002000d009f08000000fdfffdff391cc7711c07,135,iPhone12Pro_C,65.0,66.0,69.5,75.0,,,,,6.0,9.0,12.0,18.0,24.0,36.0,48.0,54.0,0,0,0,0,0,0,0,0,0,1,0,3,0,1,0,6,3,0,0,0,0,0,0,0,0,255,0,0,0,0,0,0,0,0,0,0,0,0,0,0,0,0,0,0,0,0,0,0,0,0,0,0,0,,,,,,,,,,,,
1684597638.377998,d2:6b:aa:b5:fb:ed,1,1,,,,23010808180080203002000d009f08000000fdfffdff391cc7711c07,135,iPhone12Pro_C,65.0,66.0,69.5,75.0,,,,,6.0,9.0,12.0,18.0,24.0,36.0,48.0,54.0,0,0,0,0,0,0,0,0,0,1,0,3,0,1,0,6,3,0,0,0,0,0,0,0,0,255,0,0,0,0,0,0,0,0,0,0,0,0,0,0,0,0,0,0,0,0,0,0,0,0,0,0,0,,,,,,,,,,,,
1684597638.398011,d2:6b:aa:b5:fb:ed,1,1,,,,23010808180080203002000d009f08000000fdfffdff391cc7711c07,135,iPhone12Pro_C,65.0,66.0,69.5,75.0,,,,,6.0,9.0,12.0,18.0,24.0,36.0,48.0,54.0,0,0,0,0,0,0,0,0,0,1,0,3,0,1,0,6,3,0,0,0,0,0,0,0,0,255,0,0,0,0,0,0,0,0,0,0,0,0,0,0,0,0,0,0,0,0,0,0,0,0,0,0,0,,,,,,,,,,,,
1684597638.423813,d2:6b:aa:b5:fb:ed,1,6,,,,23010808180080203002000d009f08000000fdfffdff391cc7711c07,135,iPhone12Pro_C,65.0,66.0,69.5,75.0,,,,,6.0,9.0,12.0,18.0,24.0,36.0,48.0,54.0,0,0,0,0,0,0,0,0,0,1,0,3,0,1,0,6,3,0,0,0,0,0,0,0,0,255,0,0,0,0,0,0,0,0,0,0,0,0,0,0,0,0,0,0,0,0,0,0,0,0,0,0,0,,,,,,,,,,,,
1684597638.423818,d2:6b:aa:b5:fb:ed,6,6,,,,23010808180080203002000d009f08000000fdfffdff391cc7711c07,135,iPhone12Pro_C,65.0,66.0,69.5,75.0,,,,,6.0,9.0,12.0,18.0,24.0,36.0,48.0,54.0,0,0,0,0,0,0,0,0,0,1,0,3,0,1,0,6,3,0,0,0,0,0,0,0,0,255,0,0,0,0,0,0,0,0,0,0,0,0,0,0,0,0,0,0,0,0,0,0,0,0,0,0,0,,,,,,,,,,,,
1684597638.444047,d2:6b:aa:b5:fb:ed,6,6,,,,23010808180080203002000d009f08000000fdfffdff391cc7711c07,135,iPhone12Pro_C,65.0,66.0,69.5,75.0,,,,,6.0,9.0,12.0,18.0,24.0,36.0,48.0,54.0,0,0,0,0,0,0,0,0,0,1,0,3,0,1,0,6,3,0,0,0,0,0,0,0,0,255,0,0,0,0,0,0,0,0,0,0,0,0,0,0,0,0,0,0,0,0,0,0,0,0,0,0,0,,,,,,,,,,,,
1684597638.490584,d2:6b:aa:b5:fb:ed,11,11,,,,23010808180080203002000d009f08000000fdfffdff391cc7711c07,135,iPhone12Pro_C,65.0,66.0,69.5,75.0,,,,,6.0,9.0,12.0,18.0,24.0,36.0,48.0,54.0,0,0,0,0,0,0,0,0,0,1,0,3,0,1,0,6,3,0,0,0,0,0,0,0,0,255,0,0,0,0,0,0,0,0,0,0,0,0,0,0,0,0,0,0,0,0,0,0,0,0,0,0,0,,,,,,,,,,,,
1684597638.516042,d2:6b:aa:b5:fb:ed,11,13,,,,23010808180080203002000d009f08000000fdfffdff391cc7711c07,135,iPhone12Pro_C,65.0,66.0,69.5,75.0,,,,,6.0,9.0,12.0,18.0,24.0,36.0,48.0,54.0,0,0,0,0,0,0,0,0,0,1,0,3,0,1,0,6,3,0,0,0,0,0,0,0,0,255,0,0,0,0,0,0,0,0,0,0,0,0,0,0,0,0,0,0,0,0,0,0,0,0,0,0,0,,,,,,,,,,,,
1684597638.536308,d2:6b:aa:b5:fb:ed,11,13,,,,23010808180080203002000d009f08000000fdfffdff391cc7711c07,135,iPhone12Pro_C,65.0,66.0,69.5,75.0,,,,,6.0,9.0,12.0,18.0,24.0,36.0,48.0,54.0,0,0,0,0,0,0,0,0,0,1,0,3,0,1,0,6,3,0,0,0,0,0,0,0,0,255,0,0,0,0,0,0,0,0,0,0,0,0,0,0,0,0,0,0,0,0,0,0,0,0,0,0,0,,,,,,,,,,,,
1684597723.826137,d2:6b:aa:b5:fb:ed,6,6,,,,23010808180080203002000d009f08000000fdfffdff391cc7711c07,135,iPhone12Pro_C,65.0,66.0,69.5,75.0,,,,,6.0,9.0,12.0,18.0,24.0,36.0,48.0,54.0,0,0,0,0,0,0,0,0,0,1,0,3,0,1,0,6,3,0,0,0,0,0,0,0,0,255,0,0,0,0,0,0,0,0,0,0,0,0,0,0,0,0,0,0,0,0,0,0,0,0,0,0,0,,,,,,,,,,,,
1684597723.846462,d2:6b:aa:b5:fb:ed,6,6,,,,23010808180080203002000d009f08000000fdfffdff391cc7711c07,135,iPhone12Pro_C,65.0,66.0,69.5,75.0,,,,,6.0,9.0,12.0,18.0,24.0,36.0,48.0,54.0,0,0,0,0,0,0,0,0,0,1,0,3,0,1,0,6,3,0,0,0,0,0,0,0,0,255,0,0,0,0,0,0,0,0,0,0,0,0,0,0,0,0,0,0,0,0,0,0,0,0,0,0,0,,,,,,,,,,,,
1684597723.872563,d2:6b:aa:b5:fb:ed,11,11,,,,23010808180080203002000d009f08000000fdfffdff391cc7711c07,135,iPhone12Pro_C,65.0,66.0,69.5,75.0,,,,,6.0,9.0,12.0,18.0,24.0,36.0,48.0,54.0,0,0,0,0,0,0,0,0,0,1,0,3,0,1,0,6,3,0,0,0,0,0,0,0,0,255,0,0,0,0,0,0,0,0,0,0,0,0,0,0,0,0,0,0,0,0,0,0,0,0,0,0,0,,,,,,,,,,,,
1684597723.892828,d2:6b:aa:b5:fb:ed,11,11,,,,23010808180080203002000d009f08000000fdfffdff391cc7711c07,135,iPhone12Pro_C,65.0,66.0,69.5,75.0,,,,,6.0,9.0,12.0,18.0,24.0,36.0,48.0,54.0,0,0,0,0,0,0,0,0,0,1,0,3,0,1,0,6,3,0,0,0,0,0,0,0,0,255,0,0,0,0,0,0,0,0,0,0,0,0,0,0,0,0,0,0,0,0,0,0,0,0,0,0,0,,,,,,,,,,,,
1684597723.918459,d2:6b:aa:b5:fb:ed,11,13,,,,23010808180080203002000d009f08000000fdfffdff391cc7711c07,135,iPhone12Pro_C,65.0,66.0,69.5,75.0,,,,,6.0,9.0,12.0,18.0,24.0,36.0,48.0,54.0,0,0,0,0,0,0,0,0,0,1,0,3,0,1,0,6,3,0,0,0,0,0,0,0,0,255,0,0,0,0,0,0,0,0,0,0,0,0,0,0,0,0,0,0,0,0,0,0,0,0,0,0,0,,,,,,,,,,,,
1684597723.938792,d2:6b:aa:b5:fb:ed,11,13,,,,23010808180080203002000d009f08000000fdfffdff391cc7711c07,135,iPhone12Pro_C,65.0,66.0,69.5,75.0,,,,,6.0,9.0,12.0,18.0,24.0,36.0,48.0,54.0,0,0,0,0,0,0,0,0,0,1,0,3,0,1,0,6,3,0,0,0,0,0,0,0,0,255,0,0,0,0,0,0,0,0,0,0,0,0,0,0,0,0,0,0,0,0,0,0,0,0,0,0,0,,,,,,,,,,,,
1684597842.867308,d2:6b:aa:b5:fb:ed,1,1,,,,23010808180080203002000d009f08000000fdfffdff391cc7711c07,135,iPhone12Pro_C,65.0,66.0,69.5,75.0,,,,,6.0,9.0,12.0,18.0,24.0,36.0,48.0,54.0,0,0,0,0,0,0,0,0,0,1,0,3,0,1,0,6,3,0,0,0,0,0,0,0,0,255,0,0,0,0,0,0,0,0,0,0,0,0,0,0,0,0,0,0,0,0,0,0,0,0,0,0,0,,,,,,,,,,,,
1684597842.887533,d2:6b:aa:b5:fb:ed,1,1,,,,23010808180080203002000d009f08000000fdfffdff391cc7711c07,135,iPhone12Pro_C,65.0,66.0,69.5,75.0,,,,,6.0,9.0,12.0,18.0,24.0,36.0,48.0,54.0,0,0,0,0,0,0,0,0,0,1,0,3,0,1,0,6,3,0,0,0,0,0,0,0,0,255,0,0,0,0,0,0,0,0,0,0,0,0,0,0,0,0,0,0,0,0,0,0,0,0,0,0,0,,,,,,,,,,,,
1684597842.915167,d2:6b:aa:b5:fb:ed,6,6,,,,23010808180080203002000d009f08000000fdfffdff391cc7711c07,135,iPhone12Pro_C,65.0,66.0,69.5,75.0,,,,,6.0,9.0,12.0,18.0,24.0,36.0,48.0,54.0,0,0,0,0,0,0,0,0,0,1,0,3,0,1,0,6,3,0,0,0,0,0,0,0,0,255,0,0,0,0,0,0,0,0,0,0,0,0,0,0,0,0,0,0,0,0,0,0,0,0,0,0,0,,,,,,,,,,,,
1684597842.935517,d2:6b:aa:b5:fb:ed,6,6,,,,23010808180080203002000d009f08000000fdfffdff391cc7711c07,135,iPhone12Pro_C,65.0,66.0,69.5,75.0,,,,,6.0,9.0,12.0,18.0,24.0,36.0,48.0,54.0,0,0,0,0,0,0,0,0,0,1,0,3,0,1,0,6,3,0,0,0,0,0,0,0,0,255,0,0,0,0,0,0,0,0,0,0,0,0,0,0,0,0,0,0,0,0,0,0,0,0,0,0,0,,,,,,,,,,,,
1684597842.967622,d2:6b:aa:b5:fb:ed,11,11,,,,23010808180080203002000d009f08000000fdfffdff391cc7711c07,135,iPhone12Pro_C,65.0,66.0,69.5,75.0,,,,,6.0,9.0,12.0,18.0,24.0,36.0,48.0,54.0,0,0,0,0,0,0,0,0,0,1,0,3,0,1,0,6,3,0,0,0,0,0,0,0,0,255,0,0,0,0,0,0,0,0,0,0,0,0,0,0,0,0,0,0,0,0,0,0,0,0,0,0,0,,,,,,,,,,,,
1684597843.005747,d2:6b:aa:b5:fb:ed,11,13,,,,23010808180080203002000d009f08000000fdfffdff391cc7711c07,135,iPhone12Pro_C,65.0,66.0,69.5,75.0,,,,,6.0,9.0,12.0,18.0,24.0,36.0,48.0,54.0,0,0,0,0,0,0,0,0,0,1,0,3,0,1,0,6,3,0,0,0,0,0,0,0,0,255,0,0,0,0,0,0,0,0,0,0,0,0,0,0,0,0,0,0,0,0,0,0,0,0,0,0,0,,,,,,,,,,,,
1684597843.025973,d2:6b:aa:b5:fb:ed,11,13,,,,23010808180080203002000d009f08000000fdfffdff391cc7711c07,135,iPhone12Pro_C,65.0,66.0,69.5,75.0,,,,,6.0,9.0,12.0,18.0,24.0,36.0,48.0,54.0,0,0,0,0,0,0,0,0,0,1,0,3,0,1,0,6,3,0,0,0,0,0,0,0,0,255,0,0,0,0,0,0,0,0,0,0,0,0,0,0,0,0,0,0,0,0,0,0,0,0,0,0,0,,,,,,,,,,,,
1684597987.444778,d2:6b:aa:b5:fb:ed,1,1,,,,23010808180080203002000d009f08000000fdfffdff391cc7711c07,135,iPhone12Pro_C,65.0,66.0,69.5,75.0,,,,,6.0,9.0,12.0,18.0,24.0,36.0,48.0,54.0,0,0,0,0,0,0,0,0,0,1,0,3,0,1,0,6,3,0,0,0,0,0,0,0,0,255,0,0,0,0,0,0,0,0,0,0,0,0,0,0,0,0,0,0,0,0,0,0,0,0,0,0,0,,,,,,,,,,,,
1684597987.468377,d2:6b:aa:b5:fb:ed,6,6,,,,23010808180080203002000d009f08000000fdfffdff391cc7711c07,135,iPhone12Pro_C,65.0,66.0,69.5,75.0,,,,,6.0,9.0,12.0,18.0,24.0,36.0,48.0,54.0,0,0,0,0,0,0,0,0,0,1,0,3,0,1,0,6,3,0,0,0,0,0,0,0,0,255,0,0,0,0,0,0,0,0,0,0,0,0,0,0,0,0,0,0,0,0,0,0,0,0,0,0,0,,,,,,,,,,,,
1684597987.488622,d2:6b:aa:b5:fb:ed,6,6,,,,23010808180080203002000d009f08000000fdfffdff391cc7711c07,135,iPhone12Pro_C,65.0,66.0,69.5,75.0,,,,,6.0,9.0,12.0,18.0,24.0,36.0,48.0,54.0,0,0,0,0,0,0,0,0,0,1,0,3,0,1,0,6,3,0,0,0,0,0,0,0,0,255,0,0,0,0,0,0,0,0,0,0,0,0,0,0,0,0,0,0,0,0,0,0,0,0,0,0,0,,,,,,,,,,,,
1684597987.514611,d2:6b:aa:b5:fb:ed,11,11,,,,23010808180080203002000d009f08000000fdfffdff391cc7711c07,135,iPhone12Pro_C,65.0,66.0,69.5,75.0,,,,,6.0,9.0,12.0,18.0,24.0,36.0,48.0,54.0,0,0,0,0,0,0,0,0,0,1,0,3,0,1,0,6,3,0,0,0,0,0,0,0,0,255,0,0,0,0,0,0,0,0,0,0,0,0,0,0,0,0,0,0,0,0,0,0,0,0,0,0,0,,,,,,,,,,,,
1684597987.534975,d2:6b:aa:b5:fb:ed,11,11,,,,23010808180080203002000d009f08000000fdfffdff391cc7711c07,135,iPhone12Pro_C,65.0,66.0,69.5,75.0,,,,,6.0,9.0,12.0,18.0,24.0,36.0,48.0,54.0,0,0,0,0,0,0,0,0,0,1,0,3,0,1,0,6,3,0,0,0,0,0,0,0,0,255,0,0,0,0,0,0,0,0,0,0,0,0,0,0,0,0,0,0,0,0,0,0,0,0,0,0,0,,,,,,,,,,,,
1684597987.560696,d2:6b:aa:b5:fb:ed,11,13,,,,23010808180080203002000d009f08000000fdfffdff391cc7711c07,135,iPhone12Pro_C,65.0,66.0,69.5,75.0,,,,,6.0,9.0,12.0,18.0,24.0,36.0,48.0,54.0,0,0,0,0,0,0,0,0,0,1,0,3,0,1,0,6,3,0,0,0,0,0,0,0,0,255,0,0,0,0,0,0,0,0,0,0,0,0,0,0,0,0,0,0,0,0,0,0,0,0,0,0,0,,,,,,,,,,,,
1684597987.580779,d2:6b:aa:b5:fb:ed,11,13,,,,23010808180080203002000d009f08000000fdfffdff391cc7711c07,135,iPhone12Pro_C,65.0,66.0,69.5,75.0,,,,,6.0,9.0,12.0,18.0,24.0,36.0,48.0,54.0,0,0,0,0,0,0,0,0,0,1,0,3,0,1,0,6,3,0,0,0,0,0,0,0,0,255,0,0,0,0,0,0,0,0,0,0,0,0,0,0,0,0,0,0,0,0,0,0,0,0,0,0,0,,,,,,,,,,,,
